start_loc,end_loc
46141,46142
46142,46143
46143,46144
46144,46145
46145,46146
46146,46147
46147,46148
46148,46149
46150,46151
46151,46152
8954,8955
8955,8956
8956,8957
8957,46172
46172,46173
46173,46174
46174,46175
46175,46176
46176,46177
46177,46178
46178,46179
46179,46180
46180,46181
46181,46182
46182,46183
46183,46184
46184,46185
54786,15015
15015,15016
15016,15017
15017,15018
15018,15024
46248,46249
46249,46250
46250,46251
46251,46252
46252,46253
46253,46254
46254,46255
46255,46256
13769,13755
13755,13763
13763,13756
13756,13764
13764,13757
13757,13758
13758,13765
13765,13766
13766,13767
13767,13759
13759,13760
13760,13761
13761,13762
46257,46258
46258,46259
46260,46261
46262,46263
46263,46264
46264,46265
46266,46267
46267,46268
46268,46269
46270,46271
46271,46272
25501,25502
25502,25503
25503,25504
25504,25505
25505,25506
25506,25507
25507,25508
25508,25509
25509,25510
25510,25511
25511,25512
25512,25513
25513,25518
39000,39001
39001,39002
39002,39005
16000,16001
16001,16002
16002,16003
16003,16004
16004,16005
16005,16006
16006,16017
16017,16018
46273,46274
46275,46276
46276,46277
46278,46279
46279,46280
46280,46281
46281,46282
46284,46285
17500,17501
17501,17502
17502,17512
46286,46287
46288,46289
46290,46291
46292,46293
46294,46295
46295,46296
46296,46297
46298,46299
46300,46301
46301,46302
46303,46304
46305,46306
46307,46308
46309,46310
46315,46316
46316,46317
46317,46318
46318,46319
53518,53517
53517,46320
46320,46321
46321,46322
46322,46323
46323,46324
46324,46325
46325,46326
46326,46327
46327,46328
46328,46329
46329,46330
46330,46331
46331,46332
41000,41001
41001,41002
41002,41003
41003,41004
41004,41005
41005,41006
41006,41007
46336,46337
32501,32502
32502,32503
32503,32507
14170,14171
14171,14172
46342,46343
22510,22504
22504,22505
22505,22506
22506,22507
22507,22508
22508,22509
16077,20294
46026,20256
46025,46027
46027,46028
46028,46029
46029,16087
16098,16075
16075,16076
16076,16078
16078,16086
46344,46345
33505,33508
33508,33506
33506,33507
33501,33509
33000,33012
11087,11088
11088,11091
11091,11092
11092,11094
11094,46125
46125,11096
11096,11099
11099,11100
11100,11103
11103,11126
45939,46095
11064,20029
11101,20043
11097,20041
11089,20039
45948,46099
45941,46096
45945,46098
11121,20052
11045,20020
11047,20022
11046,20021
11048,20023
45935,45937
45937,45940
45940,45943
45943,45944
45944,45946
45946,45947
45947,45949
45949,11122
11122,45951
45951,45952
45952,11127
11068,11070
11070,11071
11071,11073
11073,11074
11074,11077
11077,11078
11078,11079
11079,11081
11081,11082
11082,11125
45915,45916
45916,45917
45917,11120
11120,45919
45919,45918
45918,45923
45923,45924
45924,45926
45926,45927
45927,45929
45929,45930
45930,45931
45931,11123
11059,20026
11085,20037
11086,20038
45921,46086
11042,46102
45938,46094
11112,20049
11102,20044
11098,20042
11117,20051
11052,20025
11090,20040
11076,20033
11083,20035
11084,20036
45942,46097
46054,20304
11044,20019
11115,20050
45922,46087
45925,46088
11041,46101
11062,20028
45936,46093
11069,20031
11109,20047
45928,46089
11043,46103
11072,20032
46046,20299
45950,46100
11080,20034
45920,46085
11104,20045
45932,46090
11105,20046
11106,11107
11107,11108
11108,11110
11110,11113
11113,11114
11114,11116
11116,11118
11118,11119
11119,46124
46124,11093
11093,11095
11095,11124
11066,20030
45934,46092
45933,46091
11111,20048
11049,11050
11050,11053
11053,11054
11054,11055
11055,11056
11056,11057
11057,11058
11058,11060
11060,11063
11063,11065
11065,11128
46052,20303
46050,46051
46051,46056
46053,46055
46055,46057
11051,20024
11061,20027
46346,46347
46347,46348
46348,46349
46349,46350
46350,46351
46351,46352
46352,46353
46353,46354
46354,46355
14055,20194
14012,20170
45985,20165
45989,20167
14031,20181
14073,14034
14034,14035
14035,14037
14037,14038
14038,14045
14045,14042
14042,14075
14032,20182
45994,20169
14070,20199
45984,20164
14022,14024
14024,14027
14027,14028
14028,14072
14072,14074
14074,14080
14060,20196
14044,14048
14048,14051
14051,14053
14053,14054
14054,14056
14056,14066
14066,14058
14058,14059
14059,14063
14063,14067
14067,14076
14065,20198
14026,20178
14041,20187
14064,20197
14050,20192
45988,20166
14043,20188
45991,20168
14052,20193
14023,20176
14039,20185
14046,20189
14014,20171
14029,20179
14057,20195
14025,20177
14040,20186
14036,20184
14033,20183
14047,20190
14019,20173
14021,20175
14020,20174
14049,20191
14017,20172
14068,14069
14069,14071
14071,14061
14061,45986
45986,45987
45987,14062
14062,45990
45990,45992
45992,45993
45993,14013
14013,14015
14015,14016
14016,14018
14018,14077
14030,20180
46356,46357
46358,46359
46359,46360
29000,29001
29001,29002
29002,29003
29003,29004
29004,29005
29005,29006
29006,29007
29007,29008
46361,46362
46363,46364
46365,46366
22031,22006
22006,22007
22007,22008
22008,22009
22009,22010
22010,22011
22011,22012
22012,22013
22013,22014
22014,22015
22015,22016
22016,22017
22017,22018
22018,22019
22019,22020
22020,22021
46367,46368
46369,46370
46371,46372
46372,46373
46374,46375
46376,46377
46378,46379
46380,46381
46381,46382
46383,46384
46385,46386
35000,35009
35009,35001
35001,35002
35002,35010
35010,35003
35003,35011
35011,35004
35004,35012
35012,35005
35005,35013
35013,35006
35006,35007
35007,35008
28501,28502
28502,28503
28503,28504
28504,28505
28505,28506
28506,28507
28507,28508
28508,28509
28509,28514
28514,28510
28510,28513
28513,28511
28511,28512
27500,27501
27501,27502
27502,27503
27503,27504
27504,27505
27505,27506
27506,27507
27507,27508
27508,27509
27509,27514
46387,46388
31501,31502
31502,31503
31503,31504
31504,31531
46389,46390
46391,46392
46393,46394
52931,46395
46395,46396
46396,46397
46398,46399
46399,46400
46401,46402
46403,46404
46405,46406
46407,46408
46409,46410
46411,46412
46412,46413
46414,46415
46416,46417
46418,46419
46420,46421
46436,46437
46438,46439
18504,18505
18505,18506
18506,18507
18507,18508
18508,18517
44509,44510
36000,36010
19700,19702
19702,19801
19801,19802
19802,19803
19803,19705
19705,19804
19804,19805
19805,19806
19806,19807
19807,19808
19808,19809
19809,19810
19810,19811
19811,19812
19701,20379
19707,20383
19716,20388
19725,20394
19703,20380
19721,20391
19722,20392
19708,20384
19715,20387
19829,20395
19706,20382
19719,20390
19704,20381
19718,20389
19818,19819
19819,19820
19820,19821
19821,19822
19822,19823
19823,19824
19824,19825
19825,19826
19826,19720
19720,19827
19827,19828
19828,19723
19723,19831
46443,46444
46444,46445
46445,46446
46447,46448
46448,46449
46449,46450
46450,46451
46452,46453
46454,46455
46456,46457
46458,46459
46460,46461
46462,46463
46464,46465
46466,46467
46468,46469
46470,46471
46472,46473
46474,46475
46476,46477
46478,46479
46479,46480
46480,46481
46481,46482
46483,46484
46484,46485
27009,27006
27006,27007
27007,27008
21505,21506
21506,21509
21509,21507
21507,21508
46486,46487
46487,46488
46488,46489
46489,46490
46490,46491
46491,46492
46492,46493
46493,46494
24001,24002
24002,24003
24003,24024
46498,46499
46500,46501
46501,46502
46503,46504
46505,46506
30000,30001
30001,30002
30002,30003
30003,30004
30004,30005
30005,30006
30006,30007
30007,30008
30008,30009
30009,30010
46507,46508
46509,46510
46511,46512
42501,42502
42502,42503
42503,42504
42504,42505
42505,42506
42506,42507
46513,46514
46514,46515
42000,42001
42001,42002
42002,42003
42003,42004
15200,15201
15201,15202
15202,15203
19502,19503
19503,19504
19504,19505
19505,19506
19506,19507
20001,20002
20002,20003
20003,20004
20004,20005
20005,20006
20006,20007
20007,20015
14190,14191
14191,14192
14192,14193
45912,45907
45907,45908
45908,45909
45909,45910
46523,46524
34501,34502
34502,34503
34503,34504
34504,34510
34510,34505
34505,34506
34506,34507
34507,34508
34508,34509
25000,25001
25001,25002
25002,25003
25003,25004
25004,25005
25005,25022
45610,45611
45611,45612
45612,45613
43000,43001
43001,43002
43002,43003
43003,43004
43004,43024
43024,43005
43005,43006
43006,43007
43007,43008
43008,43009
43009,43010
43010,43011
43011,43012
43012,43013
43013,43014
43014,43025
43025,43015
43015,43023
43023,43016
46525,46526
46527,46528
46531,46532
46533,46534
46535,46536
46538,46539
46540,46541
46542,46543
46544,46545
46545,46546
46547,46548
46548,46549
46549,46550
46550,46551
46552,46553
46554,46555
46556,46557
46557,46558
46558,46559
46560,46561
46561,46562
46562,46563
46564,46565
46566,46567
46568,46569
46570,46571
46572,46573
46574,46575
46576,46577
46578,46579
46580,46581
46581,46582
46582,46583
46584,46585
46586,46587
46588,46589
45501,45502
45502,45503
46590,46591
46596,46597
46600,46601
46601,46602
46602,46603
46604,46605
46606,46607
46607,46608
46608,46609
46610,46611
46611,46612
46622,46623
46623,46624
33001,33002
33002,33003
33003,33004
33004,33013
31533,31510
31510,31511
31511,31512
31512,31513
31508,31509
15150,15151
15151,15152
46625,46626
19631,20367
19637,20373
19630,20366
46070,20312
19634,20370
19602,20349
46063,20308
46077,20317
19599,20347
19639,20375
19640,20376
19636,20372
19638,20374
19635,20371
19633,20369
19632,20368
46073,20314
46069,20311
19627,20364
46061,20306
46080,20320
46071,20313
19643,20377
19624,20362
19528,20324
46084,20323
19605,20351
19607,20353
19606,20352
46083,20322
19604,20350
19614,20357
46078,20318
46068,20310
46066,20309
46082,20321
19625,20363
19532,20325
19619,20359
19600,20348
19611,20354
19613,20356
19612,20355
19615,20358
19621,20361
46074,20315
46075,20316
46060,20305
46062,20307
19500,46058
46058,46059
46059,46064
46064,46065
46065,46067
46067,46072
46072,19628
19628,46076
46076,46081
46081,19529
19529,19530
19530,19531
19531,19534
19534,19657
19620,20360
46079,20319
19656,19596
19596,19597
19597,19598
19598,19601
19601,19603
19603,19608
19608,19609
19609,19610
19610,19616
19616,19617
19617,19618
19618,19622
19622,19623
19623,19626
19626,19646
46642,46643
15120,15121
15121,15122
15122,15123
46644,46645
46646,46647
38501,38502
38502,38503
38503,38504
38504,38505
38505,38506
38506,38507
45002,45003
45003,45004
45004,45023
46648,46649
46650,46651
46652,46653
46654,46655
28000,28001
28001,28002
28002,28003
28003,28004
28004,28005
28005,28006
28006,28007
46656,46657
46658,46659
46660,46661
46662,46663
46664,46665
46666,46667
45914,45904
45904,45905
45905,45906
46668,46669
46670,46671
46672,46673
46673,46674
46674,46675
46676,46677
46680,46681
46681,46682
46683,46684
46684,46685
46686,46687
46687,46688
46689,46690
46690,46691
10000,10001
10001,10002
10002,10003
10003,10004
10004,10005
10005,10006
10006,10007
10007,10008
10008,10026
10026,10009
10009,10010
10010,10011
10011,10012
10012,10013
10013,10014
10014,10015
10015,10016
10016,10017
10017,10018
10018,10019
10019,10020
10020,10021
10021,10022
10022,10023
10023,10024
46692,46693
46694,46695
46696,46697
46698,46699
46700,46701
46702,46703
46704,46705
46706,46707
46708,46709
46710,46711
46711,46712
46713,46714
46714,46715
46715,46716
46716,46717
46718,46719
46720,46721
46722,46723
46724,46725
46725,46726
46727,46728
46729,46730
46731,46732
46732,46733
46734,46735
46736,46737
46738,46739
46739,46740
46741,46742
46743,46744
46745,46746
46747,46748
46748,46749
23000,23001
23001,23002
23002,23003
23003,23004
23004,23005
23005,23006
23006,23007
23007,23008
46750,46751
46752,46753
46754,46755
46755,46756
46756,46757
46758,46759
46760,46761
46762,46763
46764,46765
45005,45006
45006,45007
45007,45008
45008,45009
45009,45010
45010,45011
45011,45012
45012,45013
45013,45014
45014,45015
45015,45016
45016,45017
45017,45018
45018,45019
45019,45020
46766,46767
46768,46769
46769,46770
36501,36502
36502,36503
36503,36504
37501,37502
37502,37503
37503,37504
37504,37505
46781,46782
16011,16012
16012,16013
16013,16020
46783,46784
46785,46786
33008,33009
33009,33010
33010,33011
46794,46795
46795,46796
46797,46798
33005,33006
33006,33007
33007,33014
46799,46800
46801,46802
46803,46804
46805,46806
46807,46808
46808,46809
46809,46810
46811,46812
46813,46814
46814,46815
46815,46816
46817,46818
46819,46820
46821,46822
46823,46824
46825,46826
46827,46828
46829,46830
46831,46832
46833,46834
46835,46836
46837,46838
41501,41502
41502,41503
41503,41504
41504,41505
41505,41512
41512,41506
41506,41507
41507,41508
41508,41509
41509,41510
41510,41511
46841,46842
46842,46843
44009,44010
44010,44011
46847,46848
46849,46850
35513,35514
35514,35515
35515,35516
35516,35517
35517,35518
40500,40501
40501,40502
40502,40503
40503,40504
44000,44001
44001,44002
44002,44003
44003,44004
44004,44005
44005,44006
44006,44007
44007,44008
44008,44012
44501,44502
44502,44503
44503,44504
44504,44511
36001,36002
36002,36011
40002,40003
40003,40004
40004,40005
40005,40006
46851,46852
46852,46853
15110,15111
15111,15112
15112,15113
46863,46864
46865,46866
46867,46868
46869,46870
46874,46875
46876,46877
39510,39511
46878,46879
46880,46881
46881,46882
19000,19001
19001,19031
19031,19002
19002,19032
19032,19003
19003,19033
19033,19034
19034,19004
19004,19035
16007,16008
16008,16009
16009,16010
16010,16019
46883,46884
46885,46886
46887,46888
46889,46890
46890,46891
46891,46892
46892,46893
46894,46895
46895,46896
46897,46898
46899,46900
46901,46902
46902,46903
46903,46904
46905,46906
46907,46908
46909,46910
46911,46912
46912,46913
46913,54792
54792,54793
24501,24502
24502,24515
24515,24503
24503,24504
24504,24505
24505,24506
24506,24507
24507,24508
24508,24509
24509,24510
24510,24511
24511,24512
24512,24513
24513,24514
24004,24005
24005,24006
24006,24007
24007,24023
24023,24008
24008,24009
24009,24010
24010,24011
24011,24012
24012,24025
26000,26001
26001,26002
26002,26003
26003,26004
26004,26005
26005,26006
26006,26007
26007,26015
26015,26008
26008,26009
26009,26010
26010,26014
26014,26011
26011,26012
26012,26013
26013,26017
26017,26018
26018,26016
37000,37001
37001,37002
37002,37003
37003,37004
37004,37005
37005,37006
37006,37007
37007,37011
31534,31514
31514,31515
31515,31516
31516,31517
31517,31518
31518,31519
31519,31520
31520,31521
31521,31522
31522,31523
31523,31524
31524,31525
31525,31526
31526,31527
31527,31528
31528,31529
31529,31530
46914,46915
18509,18510
18510,18511
18511,18518
18518,18512
18512,18513
18513,18514
46916,46917
46917,46918
46919,46920
46920,46921
46922,46923
46924,46925
46925,46926
46927,46928
46929,46930
46930,46931
46931,46932
53093,46933
46933,46934
46934,46935
53094,46936
46936,46937
46937,46938
46939,46940
46941,46942
46943,46944
45800,45801
45801,45802
45802,45803
45803,45804
45804,45812
45812,45805
45805,45814
45814,45806
45806,45813
45813,45807
45807,45808
45808,45809
45809,45810
45810,45811
46947,46948
46949,46950
46950,46951
46952,46953
46954,46955
46955,46956
46956,46957
46958,46959
46960,46961
23501,23502
23502,23503
23503,23504
23504,23505
23505,23506
23506,23507
23507,23508
23508,23509
23509,23510
23510,23511
23511,23512
23512,23513
23513,23514
23514,23515
23515,23516
23516,23517
23517,23518
24013,24014
24014,24015
24015,24016
24016,24017
24017,24018
24018,24019
24019,24022
24022,24020
24020,24021
22025,22026
22026,22027
22027,22028
22028,22029
22029,22030
22501,22502
22502,22503
45000,45001
45001,45021
45021,45022
30501,30502
30502,30503
30503,30504
30504,30505
30505,30506
30506,30507
30507,30508
22000,22001
22001,22002
22002,22003
22003,22004
22004,22005
46962,46963
46963,46964
46965,46966
46967,46968
46969,46970
46971,46972
15195,15191
15191,15192
15192,15193
36003,36004
36004,36005
36005,36006
36006,36007
46973,46974
21018,21016
21016,21007
21007,21008
21008,21009
21009,21017
21017,21010
21010,21011
21011,21012
21012,21013
21013,21014
21014,21015
18501,18502
18502,18515
18515,18503
18503,18516
34000,34001
46975,46976
46981,46982
46982,46983
46983,46984
36012,36008
36008,36009
46985,46986
46987,46988
46989,46990
46990,46991
46992,46993
46993,46994
46994,46995
46995,46996
46996,46997
46998,46999
35501,35502
35502,35503
35503,35504
35504,35505
35505,35506
35506,35507
35507,35508
35508,35509
35509,35510
35510,35511
35511,35512
35512,35519
32000,32001
32001,32002
32002,32003
32003,32004
32004,32005
32005,32006
47015,47016
47017,47018
47018,47019
25006,25007
25007,25021
25021,25008
25008,25009
25009,25010
25010,25011
25011,25012
25012,25013
25013,25014
47020,47021
47022,47023
47024,47025
47025,47026
47027,47028
47028,47029
29501,29502
29502,29503
29503,29504
29504,29505
29505,29506
29506,29507
29507,29508
39514,39513
39513,39515
39515,39512
39512,39501
39501,39502
39502,39503
39503,39504
39504,39516
47037,47038
43026,43022
43022,43017
43017,43018
43018,43019
43019,43020
43020,43021
39003,39004
26501,26502
26502,26503
26503,26504
26504,26505
26505,26506
26506,26507
26507,26509
26509,26508
14180,14181
14181,14182
14182,14183
21000,21001
21001,21002
21002,21003
21003,21004
21004,21005
21005,21006
47039,47040
47046,47047
47048,47049
47049,47050
47056,47057
47058,47059
47059,47060
47060,47061
47062,47063
47063,47064
47065,47066
47066,47067
47068,47069
47070,47071
47072,47073
47073,47074
47075,47076
47079,47080
47081,47082
47082,47083
47083,47084
47084,47085
47088,47089
47090,47091
47092,47093
47094,47095
47096,47097
47098,47099
47100,47101
47106,47107
47107,47108
47109,47110
47110,47111
47111,47112
47112,47113
47113,47114
47115,47116
47117,47118
47123,47124
47125,54855
54855,47127
47127,47128
47129,47130
47131,47132
47133,47134
47135,47136
47136,47137
47138,47139
47140,47141
47141,47142
47143,47144
47145,47146
47147,47148
47149,47150
47151,47152
47152,47153
47153,47154
47154,47155
47155,47156
47156,47157
47160,47161
47165,47166
47166,47167
47193,47194
47194,47195
47196,47197
47198,47199
47199,47200
47201,47202
47202,47203
47204,47205
47206,47207
47207,47208
47209,47210
47210,47211
47212,47213
47214,47215
47216,47217
47217,47218
47219,47220
47220,47221
47222,47223
47224,47225
47225,47226
47227,47228
47229,47230
47231,47232
47233,47234
47235,47236
47239,47240
47241,47242
47242,47243
47243,47244
47245,47246
47249,47250
47250,47251
47251,47252
47253,47254
47255,47256
47257,47258
47258,47259
47260,47261
47262,47263
47264,47265
47266,47267
47268,47269
47270,47271
47271,47272
47273,47274
47275,47276
47276,47277
47277,47278
47279,47280
47281,47282
47283,47284
47285,47286
47286,47287
47288,47289
47289,47290
47291,47292
47293,47294
47294,47295
47296,47297
47298,47299
47299,47300
47301,47302
47302,47303
47303,47304
47304,47305
47305,47306
47307,47308
47309,47310
47310,47311
47312,47313
47314,47315
47316,47317
47317,47318
47318,47319
47320,47321
47322,47323
47324,47325
47326,47327
47328,47329
47329,47330
47340,47341
47342,47343
47349,47350
47350,47351
47352,47353
47354,47355
47360,47361
47362,47363
47363,47364
47364,47365
47365,47366
47366,47367
47367,47368
47369,47370
47371,47372
47373,47374
47374,47375
47376,47377
47378,47379
47379,47380
47380,47381
47382,47383
47383,47384
47384,47385
47386,47387
47387,47388
47388,47389
47390,47391
47392,47393
45600,45601
45601,45602
45602,45603
45603,45604
45604,45605
45605,45606
45606,45607
45607,45608
45608,45609
45609,45614
47415,47416
47419,47420
47421,47422
47425,47426
47426,47427
47428,47429
47430,47431
47441,47442
47443,47444
47445,47446
47447,47448
47449,47450
47451,47452
47453,47454
47454,47455
47456,47457
47457,47458
27510,27511
27511,27512
27512,27513
47459,47460
15019,15020
15020,15021
15021,15022
15022,15023
47461,47462
31000,31001
31001,31002
31002,31003
31003,31004
31004,31005
31005,31006
31006,31007
31007,31008
31008,31009
31009,31010
31010,31011
45717,45704
45704,45705
45705,45706
45706,45715
45715,45707
45707,45708
45708,45709
45709,45710
45710,45711
45711,45712
45712,45713
12069,20096
45958,20056
12100,20117
12014,20060
13032,13033
13033,13034
13034,13072
45953,45956
45956,45959
45959,12008
12008,12011
12011,12013
12013,12016
12016,12122
12122,12131
13031,20142
12110,20121
12083,20107
45955,20054
20093,12064
12081,20105
12095,20114
12054,20086
12010,20058
12056,20088
12104,20119
13065,20161
12031,20070
12034,20072
12033,12036
12036,12037
12037,12045
12045,12047
12047,12050
12050,12127
45960,45961
45961,45962
45962,45966
45966,45967
45967,45970
45970,45972
45972,45974
45974,13068
12078,20102
12077,20101
46047,20300
46048,20301
12032,20071
12035,20073
12124,20127
12076,20100
12075,20099
12082,20106
45957,20055
12092,20112
12099,20116
12015,20061
12023,20066
12049,20083
12017,20062
12123,20126
12051,20084
12018,20063
12106,12107
12107,12109
12109,12111
12111,12113
12113,12114
12114,12116
12116,12118
12118,12130
13030,20141
12121,20125
46049,20302
45964,20130
45980,20138
45954,20053
20092,12063
12068,20095
12079,20103
12080,20104
12094,20113
12053,20085
12057,20089
12009,20057
12055,20087
12030,20069
12028,20068
12115,20123
12070,20097
12087,20109
12061,20091
12108,20120
12012,20059
12020,20064
12046,20081
13062,20160
13026,20140
45969,20133
12117,20124
12097,20115
12090,20110
12074,20098
12125,20128
12066,20094
45973,20135
12102,20118
12058,20090
12112,20122
12091,20111
12038,20074
12025,20067
12039,20075
12043,20079
12041,20077
12040,20076
12044,20080
12042,20078
45975,45976
45976,45977
45977,45982
45982,45983
45983,13025
13025,13027
13027,13028
13028,13029
13029,13069
13063,13064
13064,13071
12085,12086
12086,12088
12088,12089
12089,12093
12093,12096
12096,12098
12098,12101
12101,12103
12103,12105
12105,12119
12119,12129
12019,12021
12021,12024
12024,12026
12026,12027
12027,12029
12029,12126
12120,12052
12052,12059
12059,12060
12060,12062
12062,12065
12065,12067
12067,12071
12071,12072
12072,12073
12073,12128
12084,20108
12022,20065
12048,20082
45979,20137
45963,20129
45971,20134
45981,20139
45968,20132
45978,20136
47463,47464
47464,47465
47465,47466
47467,47468
47469,47470
47470,47471
47472,47473
47473,47474
47475,47476
34005,34002
34002,34006
47477,47478
47478,47479
47480,47481
47481,47482
47483,47484
47485,47486
47487,47488
47488,47489
47490,47491
47491,47492
47492,47493
47493,47494
47495,47496
47497,47498
47498,47499
47504,47505
38000,38001
38001,38002
38002,38003
38003,38004
38004,38005
47506,47507
47507,47508
47509,47510
47513,47514
47515,47516
47516,47517
47517,47518
47519,47520
47521,47522
47523,47524
47524,47525
47526,47527
47527,47528
47529,47530
47530,47531
47531,47532
47533,47534
47535,47536
47537,47538
47538,47539
47539,47540
47540,47541
53086,47542
47542,47543
47543,47544
47545,47546
47546,47547
47548,47549
47550,47551
47551,47552
47552,47553
47553,47554
47554,47555
47555,47556
16501,16502
16502,16503
16503,16504
16504,16505
16505,16506
16506,16507
16507,16508
16508,16509
16509,16510
16510,16511
16511,16512
16512,16513
16513,16516
16516,16514
16514,16515
17000,17001
16014,16015
16015,16016
47566,47567
47568,47569
31505,31506
31506,31507
31507,31532
27000,27001
27001,27002
27002,27003
27003,27004
27004,27005
43501,43502
43502,43503
43503,43504
43504,43505
43505,43506
43506,43507
43507,43508
43508,43509
19042,19005
19005,19006
19006,19007
19007,19008
32504,32505
32505,32506
32506,52959
37008,37009
37009,37010
47570,47571
47571,47572
47573,47574
47575,47576
47576,47577
47577,47578
40000,40001
40001,40007
47579,47580
47580,47581
47581,47582
47588,47589
47589,47590
47590,47591
47591,47592
47592,47593
47593,47594
47594,47595
47595,47596
47596,47597
47597,47598
47599,47600
47601,47602
47603,47604
47604,47605
47605,47606
47606,47607
47607,47608
47608,47609
47610,47611
47611,47612
47613,47614
47614,47615
47616,47617
47617,47618
47619,47620
47620,47621
47622,47623
47624,47625
47625,47626
47626,47627
53259,47628
47628,47629
47629,47630
47630,47631
47631,47632
47632,47633
47633,47634
47635,47636
47636,47637
47637,47638
47638,47639
47640,47641
47641,47642
47643,47644
47645,47646
47646,47647
47648,47649
47649,47650
47651,47652
47653,47654
47655,47656
47657,47658
47659,47660
47661,47662
47663,47664
47664,47665
47665,47666
47666,47667
47668,47669
47670,47671
47672,47673
47673,47674
47675,47676
47677,47678
47679,47680
47681,47682
47682,47683
47683,47684
47684,47685
47685,47686
47686,47687
47688,47689
47689,47690
47691,47692
47692,47693
47694,47695
47695,47696
47697,47698
47698,47699
47699,47700
47701,47702
47705,47706
47707,47708
47709,47710
47711,47712
47713,47714
47717,47718
47718,47719
47719,47720
47721,47722
47723,47724
47725,47726
47726,47727
47729,47730
47730,47731
47732,47733
47733,47734
47734,47735
47736,47737
47737,47738
47738,47739
47739,47740
47740,47741
47741,47742
47742,47743
47743,47744
47744,47745
47745,47746
47746,47747
47747,47748
47748,47749
47750,47751
47751,47752
47753,47754
47757,47758
47759,47760
47761,47762
47762,47763
47763,47764
47764,47765
47765,47766
47766,47767
47767,47768
47769,47770
47770,47771
47771,47772
47772,47773
47773,47774
47775,47776
47776,47777
47777,47778
47778,47779
47779,47780
47780,47781
47782,47783
47784,47785
47785,47786
47786,47787
47787,47788
47788,47789
47789,47790
47791,47792
47793,47794
47795,47796
47797,47798
47798,47799
47800,47801
47801,47802
47802,47803
47803,47804
47804,47805
47806,47807
47807,47808
47808,47809
47809,47810
47810,47811
47811,47812
47812,47813
47813,39767
47814,47815
47816,47817
47818,47819
47820,47821
47821,47822
47823,47824
47825,47826
47827,47828
47829,47830
47831,47832
47833,47834
47834,47835
47835,47836
47836,47837
47837,47838
47838,47839
47840,47841
47841,47842
47842,47843
47843,47844
47845,47846
47847,47848
47849,47850
47850,47851
47852,47853
47854,47855
47855,47856
47857,47858
47859,47860
47860,47861
47862,47863
47864,47865
47865,47866
47866,47867
47867,47868
47868,47869
47869,47870
47870,47871
47871,47872
47872,47873
47873,47874
47874,47875
47875,47876
47876,47877
47877,47878
47878,47879
47880,47881
47881,47882
47882,47883
47884,47885
47886,47887
47888,47889
47890,47891
47891,47892
47892,47893
47893,47894
47894,47895
47895,47896
47896,47897
47897,47898
47898,47899
47899,47900
47901,47902
47902,47903
47903,47904
47905,47906
47906,47907
47907,47908
47908,47909
47909,47910
47911,47912
47912,47913
47913,47914
47914,47915
47915,47916
47916,47917
47917,47918
47918,47919
47919,47920
47923,47924
47925,47926
47926,47927
47927,47928
47928,47929
47929,47930
47930,47931
47933,47934
47934,47935
47935,47936
47936,47937
47937,47938
47938,47939
47939,47940
47940,47941
47942,47943
47943,47944
47944,47945
47946,47947
47947,47948
47948,47949
47950,47951
47951,47952
47953,47954
47955,47956
47956,47957
47958,47959
47959,47960
47961,47962
47962,47963
47964,47965
47966,47967
47968,47969
47969,47970
47970,47971
47971,47972
47972,47973
47973,47974
47974,47975
47976,47977
47977,47978
47978,47979
47979,47980
47981,47982
47983,47984
47985,47986
47986,47987
47988,47989
47990,47991
47992,47993
47993,47994
47994,47995
47995,47996
47996,47997
47997,47998
47999,48000
48000,48001
48002,48003
48003,48004
48004,48005
48006,48007
48008,48009
48009,48010
48011,48012
48012,48013
48014,48015
48015,48016
48017,48018
48018,48019
48020,48021
48022,48023
48023,48024
48024,48025
48026,48027
48028,48029
48029,48030
48030,48031
48031,48032
48032,48033
48033,48034
48035,48036
48037,48038
48038,48039
48039,48040
48044,48045
48045,48046
48047,48048
48048,48049
48049,48050
48050,48051
48051,48052
48052,48053
48053,48054
48054,48055
48055,48056
48057,48058
48058,48059
48059,48060
48060,48061
48061,48062
48063,48064
48064,48065
48065,48066
48066,48067
48068,48069
48069,48070
48071,48072
48073,48074
48074,48075
48075,48076
48084,48085
48086,48087
48087,48088
48089,48090
48091,48092
48093,48094
48095,48096
48096,48097
48100,48101
48102,48103
48103,48104
48105,48106
48106,48107
48107,48108
48109,48110
48110,48111
48112,48113
48114,48115
48116,48117
48117,48118
48118,48119
48119,48120
48120,48121
48121,48122
48122,48123
48123,48124
48125,48126
48126,48127
48128,48129
48129,48130
48130,48131
48132,48133
48133,48134
48134,48135
48135,48136
48137,48138
48138,48139
48140,48141
48141,48142
48143,48144
48145,48146
48146,48147
48148,48149
48149,48150
48153,48154
48155,48156
48157,48158
48159,48160
48160,48161
48161,48162
48162,48163
48163,48164
48164,48165
48165,48166
48166,48167
39505,39506
39506,39507
39507,39508
39508,39509
39509,39517
48168,48169
48170,48171
48172,48173
44505,44506
44506,44507
44507,44508
44508,44512
48185,48186
48186,48187
48188,48189
48190,48191
48191,48192
48193,48194
48194,48195
48196,48197
48198,48199
48200,48201
15130,15131
15131,15132
48202,48203
48204,48205
48206,48207
48207,48208
48208,48209
48210,48211
48211,48212
48212,48213
48213,48214
48214,48215
48216,48217
48218,48219
20501,20502
20502,20503
20503,20504
20504,20505
20505,20506
20506,20507
20507,20508
20508,20509
20509,20510
20510,20511
20511,20512
20512,20513
20513,20514
20514,20515
20515,20516
20516,20517
20517,20519
48220,48221
48222,48223
48224,48225
48225,48226
48226,48227
48228,48229
48229,48230
48231,48232
48232,48233
48234,48235
48236,48237
48238,48239
48239,48240
48245,48246
48246,48247
48247,53004
25023,25015
25015,25016
25016,25017
25017,25018
25018,25019
25019,25020
25514,25515
25515,25516
25516,25517
22032,22022
22022,22023
22023,22024
22024,22033
33502,33503
33503,33504
33504,33510
34003,34004
7377,7378
7770,7771
7771,7772
7772,7773
7773,7774
7774,7775
7775,7776
7776,7777
1406,1407
42913,42914
42914,42915
41540,41541
41541,41542
41542,41543
41546,41547
41547,41548
41548,41549
41874,41875
41875,41876
41876,41877
41911,41912
39532,39533
39570,39571
39584,39585
39717,39718
39720,39721
39734,39735
39735,39736
39736,39737
39737,39738
39758,39759
39759,39760
39760,39761
39761,39762
39775,39776
39776,39777
39777,39778
39786,39787
39787,39788
39788,39789
39801,39802
39836,39837
39837,39838
39854,39855
39855,39856
39856,39857
39870,39871
39871,39872
39877,39878
39878,39879
52922,52923
52925,52926
52926,52927
52929,52930
52933,52934
52936,52937
52939,52940
52945,52946
52948,52949
52951,52952
52954,52955
52957,52958
52961,54854
52963,52964
52966,52967
52969,52970
52972,52973
52975,52976
52978,52979
52981,52982
52984,52985
52987,52988
52990,52991
52993,52994
53017,53018
53020,53021
53023,53024
53026,53027
53029,53030
53032,53033
53033,53034
53036,53037
53039,53040
53042,53043
53043,53044
53046,53047
53049,53050
53052,53053
53053,53054
53056,53057
53059,53060
53060,53061
53063,53064
53066,53067
53069,53070
53072,53073
53075,53076
53088,53089
53091,53092
53096,53097
53099,53100
53102,53103
53103,53104
53106,53107
53109,53110
53112,53113
53113,53114
53114,53115
53117,53118
53123,53124
53126,53127
53127,53128
53130,53131
53133,53134
53210,53211
53211,53212
53215,53216
53221,53222
53222,53223
53223,53224
53224,53225
53225,53226
53226,53227
53229,53230
53232,53233
53235,53236
53238,53239
53245,53246
53248,53249
53251,53252
53261,53262
53264,53265
53267,53268
53270,53271
53273,53274
53276,53277
53279,53280
53282,53283
53285,53286
53288,53289
53291,53292
53294,53295
53300,53301
53303,53304
53306,53307
53309,53310
53312,53313
53315,53316
53318,53319
53321,53322
53324,53325
53327,53328
53330,53331
53333,53334
53336,53337
53339,53340
53342,53343
53345,53346
53346,53347
53347,53348
53348,53349
53349,53350
53350,53351
53359,53360
53360,53361
53361,53362
53364,53365
53365,53366
53366,53367
53367,53368
53370,53371
53373,53374
53376,53377
53379,53380
53380,53381
53383,53384
53386,53387
53389,53390
53392,53393
53395,53396
53398,53399
53399,53400
53400,53401
53401,53402
53402,53403
53403,53404
53404,53405
53407,53408
53410,53411
53413,53414
53416,53417
53419,53420
53422,53423
53425,53426
53426,53427
53429,53430
53432,53433
53435,53436
53438,53439
53441,53442
53444,53445
53447,53448
53450,53451
53453,53454
53456,53457
53459,53460
53465,53466
53466,53467
53467,53468
53470,53471
53471,53472
53474,53475
53477,53478
53478,53479
53481,53482
53484,53485
53485,53486
53488,53489
53491,53492
53494,53495
53495,53496
53498,53499
53501,53502
53502,53503
53505,53506
53515,53516
53521,53522
53524,53525
53530,53531
53533,53534
53534,53535
53537,53538
53541,53542
53544,53545
53547,53548
53550,53551
53553,53554
53556,53557
53557,53558
53560,53561
53563,53564
53564,53565
53567,53568
53570,53571
53573,53574
53576,53577
53577,53578
53578,53579
53581,53582
53584,53585
53587,53588
53588,53589
53589,53590
53590,53591
53596,53597
53599,53600
53602,53603
53605,53606
53609,53610
53612,53613
53615,53616
53618,53619
53621,53622
53624,53625
53625,53626
53628,53629
53629,53630
53632,53633
53635,53636
53638,53639
53641,53642
53644,53645
53647,53648
53650,53651
53653,53654
53654,53671
53656,53657
53659,53660
53662,53663
53663,53664
53666,53667
53669,53670
53673,53674
53676,53677
53679,53680
53682,53683
53685,53686
53688,53689
53689,53690
53692,53693
53695,53696
53698,53699
53701,53702
53702,53703
53705,53706
53708,53709
53711,53712
53714,53715
53717,53718
53720,53721
53723,53724
53726,53727
53729,53730
53732,53733
53735,53736
53736,53737
53737,53738
53738,53739
53741,53742
53744,53745
53747,53748
53750,53751
53753,53754
53756,53757
53759,53760
53760,53761
53761,53762
53762,53763
53765,53766
53768,53769
53769,53770
53772,53773
53775,53776
53776,53952
53778,53779
53779,53780
53785,53786
53788,53789
53789,53790
53792,53793
53795,53796
53798,53799
53801,53802
53802,53803
53805,53806
53808,53809
53811,53812
53814,53815
53817,53818
53818,53819
53819,53820
53820,53821
53823,53824
53824,53825
53827,53828
53830,53831
53833,53834
53836,53837
53839,53840
53842,53843
53843,53844
53846,53847
53849,53850
53852,53853
53855,53856
53858,53859
53861,53862
53862,53863
53863,53864
53864,53865
53865,53866
53866,53867
53869,53870
53872,53873
53875,53876
53878,53879
53879,53880
53880,53881
53883,53884
53886,53887
53889,53890
53892,53893
53895,53896
53898,53899
53899,53900
53902,53903
53903,53904
53906,53907
53909,53910
53912,53913
53915,53916
53918,53919
53921,53922
53922,53923
53923,53924
53924,53925
53927,53928
53930,53931
53933,53934
53934,53935
53935,53936
53936,53937
53937,53938
53940,53941
53946,53947
53949,53950
53950,53951
54788,54789
54789,54790
54790,54791
54795,54796
54798,54799
54801,54802
54804,54805
54805,54806
54808,54809
54811,54812
54814,54815
54815,54816
54816,54817
54817,54818
54820,54821
54823,54824
54826,54827
53243,54856
54856,54829
54829,54830
54830,54831
54831,54832
54844,54845
54847,54848
54848,54849
54849,54850
54850,54851
54851,54852
54852,54853
46141,46495
46142,47497
46144,47931
46145,47495
46146,46958
46147,47485
46148,47494
46149,47960
20520,20519
46174,46319
46176,46469
46178,46467
46179,46461
46180,46459
46181,46451
46182,46446
46185,47688
47688,48132
15024,22000
22000,15019
13769,13768
13766,15192
13759,22031
22031,22005
46257,47604
46259,47449
46260,47608
46261,47273
46262,46330
46264,47579
46265,46268
46269,47603
46270,48156
25501,44503
44503,27513
25510,22505
25518,35504
35504,25514
39000,35511
39001,36009
39002,36504
39005,37006
37006,39003
16001,33004
16003,33505
33505,33510
16004,34004
16006,34503
16018,16007
16007,31515
46273,46276
46277,46509
46282,47640
46285,47764
17513,17512
17501,16515
16515,17000
46286,48186
46289,47340
46290,46541
46293,46295
46299,48198
46302,47475
47475,48200
46305,46543
46310,48190
46315,46332
46317,46689
46318,47157
46327,46997
46329,48158
41000,40502
41007,22025
22025,22033
46335,47759
46337,47215
32501,47649
32503,35001
32507,32504
14170,16008
14172,45007
46341,47511
46342,47856
22510,22503
22503,35501
35501,32006
22506,22012
22509,21508
21508,21000
16077,16078
16088,16087
16097,16098
20256,46027
46025,20019
16086,11045
11045,46053
14115,20516
46344,47644
46345,48034
33506,39514
33507,45002
45002,45022
45022,25517
33509,33502
33012,33001
11087,20037
20037,20038
11091,20039
11094,12124
46125,46046
11096,20099
11099,20041
11103,20043
11126,11104
11104,11105
11105,45934
45939,46094
46095,45940
11064,46102
20029,11065
11101,20044
11097,20042
11089,20040
45948,14031
14031,14080
46099,45949
46096,11059
45945,45946
46098,11121
11121,46052
20052,14073
14073,20182
20020,11047
11047,20021
20022,20023
20023,11049
45935,11123
11123,46092
45937,45936
45943,45942
11122,20303
45951,45950
11127,11044
11044,11041
11041,11043
11043,46056
11068,46090
46090,20030
11070,11069
11073,11072
11074,12080
11077,20033
11078,20102
11081,11080
11125,11083
11083,11084
45915,19831
11120,20075
45918,46086
45923,45922
45926,46088
45929,45928
45930,46091
45931,45932
20026,11060
45921,46085
11112,20048
20049,11113
11117,20027
20051,11118
11052,20024
20025,11053
46054,46055
11115,11116
11062,11063
11109,11110
20045,11108
20046,11107
11106,11066
11066,11128
46124,12041
11093,20076
11124,19700
11054,14032
11055,20181
46050,14074
46057,14034
46346,48116
14055,20198
20194,14056
14012,20169
20170,14013
45985,20164
45989,20166
20167,14062
14037,20197
14045,14039
14042,20187
14075,14044
14044,14043
14043,14046
20199,14069
14022,14077
14024,14023
14027,20178
14072,14029
14060,14067
14048,20190
14051,20192
14053,14052
14058,14057
14026,20177
14041,20186
14064,20184
20184,20183
14050,20191
20188,20175
20175,20174
20174,45971
45971,45981
45991,45992
14014,14015
14033,20180
14047,14019
14019,20132
20132,20136
20173,14018
14021,14020
14020,20172
14017,14016
46357,46650
46358,47020
46359,47070
29000,28504
29002,31504
29005,29508
29007,28003
46361,47114
46364,46503
46365,46506
22014,21004
22021,22032
46367,47986
46368,47637
46369,47256
46370,46829
46371,47076
46372,47058
46375,46379
46376,47458
46377,46378
46380,47263
46381,47309
46384,47027
46385,47061
35002,44506
35003,33002
35004,33503
35005,34002
35007,28512
35008,34501
28501,24502
28506,25007
28507,26501
28508,27000
27500,46388
27514,45503
45503,27510
46387,47968
31501,24505
31531,31505
46390,47726
46391,46394
46392,47672
46393,47676
46395,47623
46397,47709
46398,46671
46399,47740
46401,47684
46402,46644
46403,46405
46404,47686
46406,46585
46407,46587
46408,46412
46412,48011
46409,47680
46410,46413
46411,47687
46414,46893
46415,47689
46417,47207
46418,47576
47576,47887
46419,46607
46420,47378
46421,47692
46436,46818
46437,46960
18504,18516
18505,44000
18508,23501
23501,24021
18517,18509
44509,44512
36010,33006
33006,36001
19702,20379
19802,20380
19803,19704
19804,20394
19806,19706
19808,20383
19810,19708
20388,19821
19721,19828
19722,19723
19715,19818
19829,19824
19719,19720
19718,19826
46443,46457
46444,46455
46445,46453
46447,46512
46448,46456
46449,46454
46450,46452
46458,47732
46460,46463
46462,46465
46464,46466
46468,46691
46691,46901
46470,46477
46477,47538
46471,46874
46472,48171
46473,47540
46474,47539
46475,46876
46476,48169
46481,46485
27009,26004
26004,27005
27008,16010
21509,15191
46486,47280
47280,47427
46488,47281
46489,47283
46490,47285
46491,47288
46492,46926
46926,47293
24024,24514
24514,24004
46498,47951
46501,47466
46502,46561
30000,45502
30001,44502
46507,47588
46508,47096
47096,47227
46510,46748
46511,47733
46515,46672
42000,31528
42004,10008
15202,15193
15203,25000
25000,22002
20016,20015
20005,19003
14193,26010
45912,45906
45906,10020
45907,46526
45910,15122
46524,47769
34505,39515
34506,45003
34508,36011
36011,36003
34509,35505
25002,15022
25022,25006
45610,45614
43003,46566
46566,46569
43004,23511
43008,47681
43011,15113
43015,45713
43023,15120
43016,43026
46525,47792
46527,47366
47366,47783
46528,47791
46531,47120
46532,47387
46534,47388
46535,47389
46536,47761
46540,47762
46542,47765
46545,46966
46546,47135
46548,46554
46550,47360
46551,47106
46553,46555
46559,47130
46560,47297
46562,47300
46564,46944
46567,47131
46568,47134
46570,47230
46573,47109
46574,47111
46575,46576
46576,46579
46577,47422
46578,47110
46584,47778
46586,47780
46588,47091
46589,47679
47679,47781
47781,47782
46591,48004
46596,47700
47700,47713
47713,47749
46600,46986
46603,47656
47656,47703
46604,47208
47208,47660
46605,47992
46606,46728
46608,47890
46609,47206
47206,48125
46610,47983
46612,47805
47805,47828
33013,33005
33005,45001
31533,31509
31509,27001
31510,14180
31512,26001
31513,31534
31508,26502
26502,31532
15150,30506
15152,24022
46625,47522
19631,20369
20369,20305
19637,20372
20372,20361
20366,46063
46063,19632
46070,19639
20312,46069
46069,46071
19634,20371
20371,20363
20370,19633
19633,46061
20349,19603
20308,46064
46077,46073
46073,46076
20317,20318
20318,46079
19599,19598
20375,19640
19640,20309
20376,20356
19636,19624
20374,19635
19635,19627
20368,20307
20314,46074
46074,46075
19647,19657
19655,19656
20311,20358
20358,19616
20364,19646
19646,45975
20306,46058
46080,46082
46082,20319
20320,46081
20313,19643
19643,20357
20377,46072
20362,19623
19528,20323
20323,20322
20324,19529
20351,19606
19606,20350
20353,20352
20352,19608
19614,19615
46068,46066
46066,46067
20310,20355
19625,19626
19532,19534
19619,19618
20359,19621
19621,19620
19600,19601
19611,19610
20354,19613
19613,19612
46060,19500
19500,13068
46062,46059
20360,19622
46642,47831
46643,47956
15123,19032
46645,47835
46646,47836
46647,47453
38502,35510
38503,36008
38504,36503
38505,37005
38506,39516
39516,39505
38507,31523
45004,37505
45023,45005
45005,39501
46648,47017
46653,47844
47844,48037
28000,24006
28005,25011
28006,26505
28007,27003
46657,46658
46658,47601
47601,47848
46661,46662
46664,47080
46665,47083
46667,47447
45914,45913
45904,41511
45905,20514
46668,46837
46669,46670
46670,47085
46675,46676
46677,47720
46682,47467
46683,47444
46686,47470
46690,46906
10006,40006
10014,46695
10015,46705
10016,23516
10018,47362
10019,47201
10022,19000
46692,47429
46693,47160
46694,48221
46698,46701
46699,46731
46700,46703
46702,48223
46704,46707
46706,47442
46708,46970
46709,47204
46712,46743
46713,46744
46715,47271
46716,47269
46717,47266
46718,48209
46720,47047
46723,46726
46724,46951
46725,47428
46729,46786
46730,48126
46732,46737
46733,46741
46734,46740
46735,46736
46736,46742
46738,47127
46739,47125
46745,47867
46746,47425
46747,47735
46749,48106
23000,26003
26003,14183
23003,16009
23005,45008
23006,31007
46753,47216
46757,47631
46758,46814
46759,46767
46761,46813
46762,47678
46765,46922
45006,31517
45010,30505
45012,25020
45015,24019
46769,47721
36501,21009
36502,38003
37504,37001
46781,47804
47804,47817
46782,47653
16011,16019
16019,30504
16012,47118
47118,47677
16013,25018
16020,16014
46783,47161
46784,47892
46785,47893
33008,33014
33014,35502
46799,46894
46894,47450
46800,47907
46801,47239
47239,47244
46802,46807
46807,47909
46803,47240
46804,47147
46805,46808
46806,47246
46809,47245
46810,47492
46811,47906
46812,47491
46816,47912
46819,48203
46822,47249
46823,47948
46824,47312
46825,47943
47943,48104
46826,47313
46827,47940
46828,47254
46830,47939
46831,47938
46832,47257
47257,47261
46833,47937
46834,47260
46836,47936
46838,46840
41501,40503
41507,22027
46841,48086
48086,48090
48090,48097
46842,47752
44009,44012
44011,23506
46849,47758
35513,35519
35519,40001
35515,40501
40504,39511
39511,37010
44511,44505
36002,25515
40002,37011
37011,37008
37008,40007
40003,39508
40004,31527
46851,47541
15110,18511
46863,47368
46864,46867
46865,47203
46869,47302
46870,47504
46875,48065
46877,48066
39510,39517
46879,47508
46882,47270
19001,47790
19031,47307
19004,43021
19035,19042
46883,47958
46884,47416
47416,47480
46886,47415
47415,47483
46887,47490
46897,47274
46899,46903
46907,47959
46908,47481
46910,48157
24509,29501
24025,26008
26008,24013
26005,30501
30501,26508
26006,25014
25014,25023
26016,16510
37002,31003
37003,21010
37004,38004
31519,31005
31521,21013
31524,20059
31530,37009
46915,47046
18512,45800
18514,45710
46916,46984
46920,47062
46921,46983
46931,47464
46932,47945
46933,47419
46942,47145
45805,45712
46947,48150
46949,47272
46953,48120
46954,47142
46955,47115
46959,47970
23508,43509
24016,16501
16501,16016
22502,32506
30508,18502
46963,47039
46964,47949
46968,47319
46971,47264
15195,15194
36004,31001
36006,21008
36007,36012
36012,38002
46973,48146
21018,21006
21007,35508
21012,39503
18503,20501
34001,34005
46975,47770
46980,47773
46981,48103
46985,47995
46988,46993
46991,46994
46998,47695
46999,48000
35506,31000
35509,38001
47015,47167
47018,47067
25008,31506
47024,47213
47028,47212
47035,47771
39502,31004
39504,38005
47037,47365
47038,47202
39004,39506
47040,48075
47048,47618
47050,48029
47052,47343
47056,48214
47063,48236
47064,47944
47065,47071
47066,47069
47068,48144
47072,47634
47088,47636
47090,47325
47092,47452
47094,47226
47097,47589
47098,48076
47099,47138
47100,47456
47101,47262
47107,47421
47108,47888
47116,47143
47122,47342
47123,47132
47124,47128
47129,47361
47133,48227
47136,47326
47137,47315
47140,47788
47144,47789
47148,47255
47149,47821
47150,47823
47166,47381
47194,47197
47195,47198
47196,48014
47200,48018
47210,47513
47211,47354
47214,47218
47217,47223
47229,48074
47231,47543
47235,47383
47236,47549
47250,47451
47251,47923
47253,47926
47259,47560
47267,48044
47277,47463
47289,47291
47308,48047
47316,47327
47317,47328
47318,47322
47323,47324
47330,47779
47341,48188
47352,47454
47355,47517
47363,53021
47364,48019
47376,47379
47380,48142
47392,47600
45600,16512
45607,45708
47430,47895
47431,48127
47441,48205
47443,47555
47445,48119
47446,48050
47448,47738
47460,47479
47462,48026
45717,45716
45706,15132
12069,20095
20096,12072
45958,20055
20056,45959
12100,20116
20117,12101
12014,20061
20060,12016
13032,12130
13034,20142
13072,13073
45953,13071
45956,20054
12011,20058
12013,12012
12122,12017
12131,20084
20084,12120
13031,20141
12110,20125
20121,12111
12083,20302
20107,20127
20127,12084
45955,20053
20093,12063
12064,12065
12081,20103
20105,12082
12082,20104
12095,20113
20114,12096
12054,20085
20086,20088
20088,12057
12010,20057
12056,12104
12104,20087
20119,12105
13065,20160
20070,12032
20072,12035
12033,20071
20071,13069
12036,20073
12037,12038
12047,12046
12050,20083
12127,12123
12123,12051
45960,12030
12030,12126
45966,20130
45970,45969
45972,20134
45974,45973
12078,12077
12077,20100
20300,46048
20301,12043
12076,12075
12075,20128
20106,12085
12085,20108
12092,20111
20112,12093
12023,20065
20066,12024
12049,20082
20062,20063
20063,12019
20126,12107
12018,12106
12106,12129
12109,12108
12113,12112
12116,12115
12118,12117
45964,20129
45980,20137
20138,45982
20089,12060
12028,12029
12070,12071
12087,12088
12061,12062
12020,12021
13062,13063
13026,13027
12097,12098
12090,12089
12074,12125
12125,12128
12066,12067
12102,12103
12058,12059
20074,12039
12025,12026
20067,12040
20079,12044
20077,12042
20078,12027
45977,45978
45983,20139
47472,48233
47473,47568
15172,47747
34006,34003
47484,47487
47486,47969
47496,47971
47499,47974
47505,48061
47507,48230
47510,48185
47526,47593
47530,48168
47531,48170
47535,47592
53086,53092
47552,48228
47553,48195
47556,48197
48197,48231
16514,15130
47569,47793
43505,20507
47573,47581
47574,47605
47575,47991
47578,47989
47594,47599
47602,48024
47610,48068
47614,47619
47619,47712
47622,48240
47627,47707
47707,47917
47630,47914
47638,47662
47641,47647
47642,47643
47645,47674
47655,47997
47658,47841
47661,47984
47984,47987
47670,47918
47673,47710
47682,48002
47683,47775
47697,48246
47699,47796
47717,47727
47722,47962
47731,47915
47755,47935
47795,47799
47797,48247
47801,47855
47816,47818
47818,47827
47827,47830
47833,48003
47839,48013
48013,48057
47843,48140
47858,48218
47864,47961
47961,48067
47889,47901
47894,48124
47900,48055
47910,47925
47925,47941
47916,48238
47920,48030
47924,47950
47942,47947
47980,48112
47982,48091
48091,48096
48096,48153
47998,48056
48016,48017
48031,48111
48046,48048
48051,48121
48087,48154
48089,48092
48094,48155
48100,48130
48101,48102
48110,48173
48136,48162
48211,48219
48213,48216
48215,48217
42914,39533
41547,53616
41912,39871
39570,39585
39758,39857
39775,39838
39856,53663
52988,52991
53064,53067
53407,53413
53416,53433
53417,53419
53430,53432
53436,53438
53667,53669
53709,53711
