name,lat,lon,amenity,shop,leisure,railway
สามเสน,1523877.4050389256,665398.1954099312,,,,station
สุรศักดิ์,1517197.2725882644,664518.6214535233,,,,station
ช่องนนทรี,1517703.6323164264,665365.8809558561,,,,station
ราชดำริ,1519444.567631685,666449.8265648102,,,,station
สะพานตากสิน,1517141.9618693336,663736.0178394421,,,,station
จิตรลดา,1522428.9789603315,664836.5585312446,,,,station
หัวลำโพง,1519219.0837420071,664037.9209357001,,,,station
พระราม 9,1521492.1353727267,669229.8389257654,,,,station
ศูนย์การประชุมแห่งชาติสิริกิติ์,1517600.4047301423,668674.9307468939,,,,station
ลุมพินี,1517915.1315188797,667138.3024378801,,,,station
ห้วยขวาง,1523806.9605626878,670111.0865081244,,,,station
สุทธิสาร,1525002.1982521943,670158.830975297,,,,station
รัชดาภิเษก,1526051.5537427661,670203.1634188355,,,,station
ศูนย์วัฒนธรรมแห่งประเทศไทย,1522433.062476612,669743.3985927622,,,,station
ลาดพร้าว,1526883.673629596,670015.6728289117,,,,station
พหลโยธิน,1527581.1973544543,668777.8281854014,,,,station
สวนจตุจักร,1526478.399476559,667900.6811152882,,,,station
กำแพงเพชร,1525919.72307222,667320.3371626735,,,,station
คลองเตย,1517536.1237397247,668075.7315807018,,,,station
โพธิ์นิมิตร,1517170.5299785035,660679.8474268322,,,,station
โรงพยาบาลธนบุรี,1520894.7493728967,660024.0520036994,hospital,,,
,1521166.513603711,659896.4422868338,hospital,,,
ตลาดพลู,1516608.760920002,659679.9202399018,,,,station
วงเวียนใหญ่,1517380.1062029267,661672.6573224103,,,,station
กรุงธนบุรี,1517368.4863638359,662490.2018191022,,,,station
คณะวิศวกรรมศาสตร์,1519121.8665774292,665760.7639559574,university,,,
คณะวิทยาศาสตร์,1519093.4336492238,665461.0077265706,university,,,
คณะสถาปัตยกรรมศาสตร์,1519482.224920958,665516.1525665248,university,,,
คณะอักษรศาสตร์,1519375.1760101172,665832.9343010944,university,,,
คณะศิลปกรรมศาสตร์,1519446.123505163,665740.5229645418,university,,,
คณะรัฐศาสตร์,1518901.3262500933,665759.8942332903,university,,,
คณะเศรษฐศาสตร์,1518867.4033798524,665599.1678949858,university,,,
คณะพาณิชยศาสตร์และการบัญชี,1518841.504411236,665461.4376861572,university,,,
คณะครุศาสตร์,1519192.5676667457,665265.0038783578,university,,,
คณะนิเทศศาสตร์,1519076.3280536726,665286.224306194,university,,,
คณะนิติศาสตร์,1518990.7261580213,665267.8617844745,university,,,
สถาบันบัณฑิตบริหารธุรกิจศศินทร์,1519806.039283863,665133.0247808509,university,,,
สำนักวิทยาศาสตร์การกีฬา,1519896.9970657106,665114.9178260039,university,,,
คณะเภสัชศาสตร์,1519889.8084469452,665570.5701008064,university,,,
คณะทันตแพทยศาสตร์,1519859.6930955376,665883.6350284293,university,,,
คณะสัตวแพทยศาสตร์,1519773.8766028439,665878.6114035244,university,,,
บ้านทับช้าง,1518832.6576463783,682599.5376635802,,,,station
ศาลาแดง,1518234.8585646604,665905.0870035349,,,,station
,1518502.4753815834,663247.1556159919,police,,,
วัดสิงห์,1513169.634145243,656573.4106316809,,,,station
ตลาดพลู,1517336.2353954692,659820.54283644,,,,station
วงเวียนใหญ่,1517747.5530934292,661271.8302988512,,,,station
หัวหมาก,1519359.2399148552,677894.3697504161,,,,station
,1521086.1377399224,662845.9273557398,fire_station,,,
สถานีตำรวจนครบาลสำราญราษฎร์,1520779.9990261798,662574.920068884,police,,,
วุฒากาศ,1516471.1753597734,658838.415698498,,,,station
รางโพธิ์,1508254.227630034,651240.5781831725,,,,station
Rajamangala University of Technology Krungthep,1516602.5161096302,663628.8910133981,university,,,
สถานีดับเพลิง ยานนาวา,1516705.094228038,663676.7045029746,fire_station,,,
สะพานควาย,1525464.585167361,667520.8920729645,,,,station
Prachachuen Police Station,1530811.2904178572,667184.2585963982,police,,,
หัวตะเข้,1518384.2820137553,692789.5576262553,,,,station
คณะเศรษฐศาสตร์,1531038.9479972387,669629.2317479644,university,,,
โรงพยาบาลมงกุฎวัฒนะ,1536544.7212356583,668741.3934867346,hospital,,,
มักกะสัน,1521032.5359321628,667294.111211735,,,,station
สยาม,1520121.6364804793,665879.9241211816,,,,station
แม่น้ำ,1516627.1195189108,668026.5368840673,,,,station
สถานีตำรวจนครบาลสุทธิสาร,1525078.4368783697,670138.5547923433,police,,,
ชุมทางบางซื่อ,1526599.3637577947,666459.3990106129,,,,station
ลาดกระบัง,1518275.2241989966,689074.2656267628,,,,station
BangkokFA,1520127.3684146425,665678.3332707172,college,,,
Police Support Unit สน.ย่อยจตุรัส,1519941.6159736891,665874.8512026215,police,,,
,1520671.5230256135,663462.2032437213,police,,,
,1525293.8999759692,666436.8562370669,hospital,,,
Bangsue Police Station,1524683.6990199662,667273.7162626656,police,,,
สถานีตำรวจนครบาลบางเขน,1534480.7026099719,672668.4525757387,police,,,
รพ.ภูมิพลอดุลยเดช พอ,1538257.8147919886,674837.0205877167,hospital,,,
สถานีดับเพลิงและกู้ภัยบางเขน,1534086.710576637,672322.0456098464,fire_station,,,
สถานีกาชาดที่ 11 วิเศษนิยม,1516394.0931217414,655245.8857863854,hospital,,,
สน.คลองตัน,1519630.2719637312,674867.0598517839,police,,,
,1526512.6807746955,670713.4224530217,fire_station,,,
พระจอมเกล้า,1518370.7482757256,691984.8155357608,,,,station
วิทยาลัยเทคนิคดอนเมือง,1540359.7068130681,670718.0225082258,college,,,
Prodenta Dental Clinic,1529993.272061187,674128.0030253374,hospital,,,
Kudos By Tarakorn,1529987.3584675891,674127.1779115298,hospital,,,
Pruksa Clinic,1529998.1447997447,674123.7647494846,hospital,,,
S-Smart Clinic,1530010.2762812227,674127.8886629733,hospital,,,
สถานีตำรวจนครบาลนิมิตใหม่,1537980.0791288884,688921.8429439878,police,,,
วิทยาลัยเทคโนโลยีพณิชยการภาษานุสรณ์บางแค,1516416.4614959906,653280.1025088371,college,,,
SC Plaza,1523920.9556880328,653808.6950722637,,mall,,
ท่าพระ,1518313.571676212,659383.000903757,,,,station
บางขุนนนท์,1522038.7987622446,659279.5198719988,,,,station
คณะแพทยศาสตร์,1518807.9975330415,666161.7564667778,university,,,
charisma,1518201.8013282993,670217.4663856106,hospital,,,
ศาลาธรรมสพน์,1526127.180110579,648166.4368180535,,,,station
โรงพยาบาล​เทพธารินทร์,1516701.541873084,670538.1093126121,hospital,,,
Yannawa Fire Station,1515652.8663808624,665802.460880993,fire_station,,,
โรงพยาบาลเดชา,1521368.6228702734,666017.25260169,hospital,,,
D&D Plaza,1521586.9197462404,661802.1786522988,,mall,,
โรงพยาบาลเมโย,1530085.8420985762,670105.716606486,hospital,,,
วิทยาลัยบริหารธุรกิจและการท่องเที่ยว,1533316.7012703505,684635.3706508406,college,,,
โรงพยาบาลเวชการุณย์รัศมิ์,1532644.0081986436,700910.1763451174,hospital,,,
โรงพยาบาล นวมินทร์ 9,1527525.8632704834,686341.3420786366,hospital,,,
สถานีตำรวจนครบาลมีนบุรี,1527996.6478739246,687530.0148479557,police,,,
,1523922.5241810705,656336.0896570501,police,,,
สถานีตำรวจนครบาลปทุมวัน,1519733.431429147,664932.0469149894,police,,,
Tourist Police,1519999.7403778227,665254.4480543485,police,,,
จุดร่วม​ปฎิบัติ​แก้​ไขปัญหา​การจราจร​ถนนสายหลัก​ สน.ลุมพินี,1519830.9053079397,667635.4991811991,police,,,
โรงพยาบาลนครธน,1510650.1469200298,655132.3234783527,hospital,,,
SM Tower,1522930.4616440376,666590.2959375554,,mall,,
บีบี3 เซ็นเตอร์พ้อยท์,1512096.486573859,649828.0397104451,,mall,,
ไลฟ์ เซ็นเตอร์,1517916.176019105,666990.347474379,,mall,,
ชุมทางตลิ่งชัน,1524887.435008788,655670.6161627612,,,,station
Check point,1532360.961906066,695330.2357136051,police,,,
,1520373.903870995,663351.3288402726,fire_station,,,
Phra Nakhon Polytechnic College,1523763.229986187,669883.1764545813,university,,,
จรัญฯ 13,1519475.6807688563,659015.4470396806,,,,station
บางพลัด,1525277.6259333002,662675.557202796,,,,station
บางยี่ขัน,1523601.782641144,660563.1554198861,,,,station
บางอ้อ,1526007.6600685427,663200.5850691159,,,,station
บางแค,1516321.6722765225,653802.7664453518,,,,station
บางโพ,1526836.4421052558,664408.799283886,,,,station
บางไผ่,1517751.3699970813,658417.0069374281,,,,station
ภาษีเจริญ,1516436.2869595112,655098.8111381956,,,,station
หลักสอง,1516195.5717446073,652413.4771569524,,,,station
เพชรเกษม 48,1516736.4549271432,656300.2500426417,,,,station
วัดพระศรีมหาธาตุ,1534509.2608098176,672544.7783533051,,,,station
สน.ลำหิน,1536759.2498714428,697154.216241076,police,,,
Suvarnabhumi Airport Junction Police Box,1517647.727673229,692092.5392517878,police,,,
โรงพยาบาลสิรินธร,1517153.4403021864,684543.9623661854,hospital,,,
Groove @ CentralWorld,1520103.8801321045,666315.7209046283,,mall,,
Jewelry Trade Center Thailand,1517585.7552969623,664372.7141346087,,mall,,
,1510813.801285812,656022.7131095264,hospital,,,
,1516182.7898109378,651260.7048162187,hospital,,,
Prawet Police Station,1517896.8020605496,683615.4991411008,police,,,
บางปะกอก,1512483.5882810308,662259.21475882,police,,,
โรงพยาบาลชุมชน นาควัชระอุทิศ,1513874.8998177804,648181.9516473126,hospital,,,
เทคโนโลยีเอเชีย บริหารธุรกิจ,1512742.716064081,645138.684337521,college,,,
โรงพยาบาล เสรีรักษ์,1527502.3020999066,685638.6180624253,hospital,,,
Bangsue Police Box,1526244.6944261976,667804.6443474474,police,,,
,1519659.595092913,667932.0891227415,police,,,
,1520534.1888115548,669061.5664889287,police,,,
,1519115.814874572,668791.6969242434,police,,,
Makasan Police Station,1520196.1330902528,671205.3111287162,police,,,
รพ.ตา หู คอ จมูก,1524745.945973675,658951.1835196649,hospital,,,
Traffic police box,1519927.8001767602,666911.6837120533,police,,,
Traffic Police box,1520546.1348671783,669052.6641600719,police,,,
Traffic Police box,1520638.019108139,668076.5738786317,police,,,
Home for the Blind,1531221.5070435586,676733.9100378825,hospital,,,
,1524688.0468123797,681134.3260861386,police,,,
,1519856.951295969,672424.6121327428,hospital,,,
สถานพยาบาลแพทย์แผนจีน มหาวิทยาลัยราชภัฏจันทรเกษม,1528265.4708565334,670306.5922432529,hospital,,,
สถานีตำรวจรถไฟนพวงศ์,1520111.9557569537,663989.9100314524,police,,,
Victoria Gardens,1515756.5309703096,648724.0204517181,,mall,,
วงศ์สว่าง,1529435.649580863,664985.4509174356,,,,station
บางซ่อน,1528357.526632882,665636.8968650829,,,,station
,1536023.5429327763,673539.1918864399,hospital,,,
พ.ต.อ.วีร์พลใหญ่อรุณ,1514335.4259283694,656848.0617321541,police,,,
,1522764.2309767494,670047.5299662697,police,,,
หมอชิต,1526439.0523057014,667956.2294157807,,,,station
อารีย์,1523899.5009924583,666980.447509754,,,,station
พญาไท,1521375.9743874003,665828.8434294466,,,,station
ราชเทวี,1520809.7790448768,665587.1762007428,,,,station
สนามเป้า,1523113.906449612,666710.049060422,,,,station
แบริ่ง,1510827.6061617741,673250.8418904338,,,,station
บางนา,1511598.910196917,673554.9111668576,,,,station
พระโขนง,1516792.4264256028,672068.1668123109,,,,station
อนุสาวรีย์ชัยสมรภูมิ,1522019.2381849366,666174.1999572814,,,,station
อุดมสุข,1512900.7907377023,674066.263350718,,,,station
ปุณณวิถี,1513940.8704016053,674008.1276693468,,,,station
บางจาก,1514765.8090937536,673607.1484818449,,,,station
อ่อนนุช,1515743.4993306345,673131.6141434888,,,,station
อโศก,1519190.5344652375,668712.6403656485,,,,station
ทองหล่อ,1517785.38044725,670684.6295102615,,,,station
พร้อมพงษ์,1518465.9805490994,669729.2124407061,,,,station
นานา,1519573.4755766967,668177.1945222474,,,,station
เพลินจิต,1519849.1624031535,667477.5376282502,,,,station
ชิดลม,1519958.902608821,666837.9110211071,,,,station
สุขุมวิท,1519230.1196407578,668818.6983516458,,,,station
เอกมัย,1517271.43708816,671402.4634030946,,,,station
คลองตัน,1520018.2642467413,671860.9214935127,,,,station
สถานีตำรวจนครบาล ดอนเมือง,1541102.0159416208,673619.7859580343,police,,,
HE Clinic for men,1517997.6072768501,670866.6683512196,hospital,,,
คลินิกตจแพทย์,1525045.4463474848,673762.417412841,hospital,,,
โรงพยาบาลบางไผ่,1517792.9080101335,658409.1949466573,hospital,,,
Serene Hospital,1519631.4952059637,678796.3718247735,hospital,,,
หอประชุมเฉลิมพระเกียรติ,1523081.7200536155,678865.1373833703,university,,,
เจริญนคร,1517984.6911983376,663173.3447983589,,,,station
คลองสาน,1518409.0849300239,663024.8901003225,,,,station
สถานีตำรวจนครบาลเตาปูน,1527738.5579946588,665529.7843687958,police,,,
,1520848.7372106344,661226.0401538237,police,,,
,1519160.7026357444,661834.7851306233,police,,,
คลองหลวงแพ่ง,1517545.3012713457,701466.2417873018,,,,station
,1519730.3100768796,667914.6000037653,police,,,
,1513296.327472121,662054.5129216281,police,,,
Market Place Dusit,1523796.5241218666,662984.578550582,,mall,,
สถานีดับเพลิงและกู้ภัยบางซ่อน,1529303.1519689967,665186.2532236332,fire_station,,,
Anonymous MedConsult Clinic,1519156.0162832884,670397.4278349299,hospital,,,
สิรินธร,1524325.219027414,661431.3965024202,,,,station
แยก คปอ.,1540032.9650617018,675653.2126659784,,,,station
พิพิธภัณฑ์กองทัพอากาศ,1539250.9027439218,675210.4409560345,,,,station
โรงพยาบาลภูมิพลอดุลยเดช,1538444.845713689,674751.7540076076,,,,station
สะพานใหม่,1536878.711545017,673863.2784832172,,,,station
สายหยุด,1535972.2374257387,673349.620438565,,,,station
พหลโยธิน 59,1535305.5766737622,672971.7616029638,,,,station
กรมทหารราบที่ 11,1533654.1608285408,672036.0823804786,,,,station
บางบัว,1532373.764466855,671310.1693620591,,,,station
กรมป่าไม้,1531738.215131944,670950.8556848576,,,,station
มหาวิทยาลัยเกษตรศาสตร์,1530848.489324455,670447.4730883696,,,,station
เสนานิคม,1530192.365677061,670075.9681020083,,,,station
รัชโยธิน,1529453.0165255275,669658.5006919054,,,,station
พหลโยธิน 24,1528828.1563104978,669306.1548454374,,,,station
รามคำแหง,1519876.9976076346,673012.285598788,,,,station
บ้านทับช้าง,1518825.9216999537,682824.1716743668,,,,station
ลาดกระบัง,1518294.4329730978,689078.9723701957,,,,station
มักกะสัน,1520725.0382309903,668787.6691527654,,,,station
ราชปรารภ,1521176.1698548684,666727.964843837,,,,station
พญาไท,1521348.5786159558,665946.4605466359,,,,station
Ratchakru Medical Center,1523659.657899935,666725.1604375876,hospital,,,
ห้าแยกลาดพร้าว,1528001.9833004978,668836.9857731285,,,,station
Mandarin Clinic Rama 4,1516870.2122775796,670271.3485178,hospital,,,
mandarin clinic rama 2,1513723.4573067653,660446.6120572895,hospital,,,
KU Avenue,1531260.2380243475,669111.7297831748,,mall,,
ไฟฉาย,1521203.8264211188,658854.6534063586,,,,station
ศูนย์บริการเครื่องช่วยฟังอินทิเม็กซ์,1525545.463909283,666308.2509830125,hospital,,,
,1520848.3626143853,693982.5839434732,police,,,
โรงพยาบาลบางนากรุงเทพมหานคร,1512871.2785669514,672249.4808967285,hospital,,,
โรงพยาบาลรัชดา-ท่าพระ,1516930.4657756465,659762.2411963469,hospital,,,
โรงพยาบาลแพทย์ปัญญา,1519978.3586788734,673796.752590404,hospital,,,
Pinnacle Community Mall,1510523.6067261475,658847.5738182162,,mall,,
กรุงเทพ,1519461.048889661,663987.3207902252,,,,station
ธนบุรี,1521740.635834175,659870.7596272506,,,,station
บางหว้า,1517323.1397866327,657631.423460071,,,,station
บางหว้า,1517265.0916986384,657548.7105583792,,,,station
เตาปูน,1526816.6030960619,665464.7850107127,,,,station
เซนต์หลุยส์,1517372.0564192217,665082.5828968618,,,,station
จตุจักร,1529092.544121959,667471.8078306229,,,,station
วัดเสมียนนารี,1530754.8838305806,668328.549552969,,,,station
บางเขน,1531617.696404337,668774.1166950089,,,,station
ทุ่งสองห้อง,1532821.0507634068,669399.5425962923,,,,station
หลักสี่,1535719.7486139887,670937.4934099448,,,,station
การเคหะ,1537090.2148932405,671678.1753968238,,,,station
ดอนเมือง,1538870.2602085264,672638.453174301,,,,station
โรงพยาบาลเยาวรักษ์,1517241.353010456,659462.9527933605,hospital,,,
โรงพยาบาลลาดกระบัง,1517725.7554313198,693007.7795723764,hospital,,,
โรงพยาบาลกล้วยน้ำไท,1516778.0207753617,671553.247976447,hospital,,,
โรงพยาบาล สินแพทย์ รามอินทรา,1530025.1952949183,680128.3894262975,hospital,,,
โรงพยาบาลฮั้วยันฮัม,1527778.1918466995,676837.3529978606,hospital,,,
โรงพยาบาลสยาม,1526425.892588725,672532.8699915719,hospital,,,
โรงพยาบาลบุรฉัตรไชยากร,1520847.8103908892,667760.2034278832,hospital,,,
โรงพยาบาลราษฎร์บูรณะ,1512625.216835786,662505.4783160063,hospital,,,
โรงพยาบาลกรุงธน 2,1512402.758743875,662340.881003264,hospital,,,
โรงพยาบาลรามาสุขสวัสดิ์,1512560.2599927948,662074.1251624738,hospital,,,
โรงพยาบาลบางปะกอก 1,1512704.6285250944,662107.4698517343,hospital,,,
โรงพยาบาลมิตรภาพ,1518200.279291546,661601.7235605052,hospital,,,
PMG Hospital,1509661.3712684992,653813.6999650021,hospital,,,
โรงพยาบาลบีแคร์เมดิคอลเซ็นเตอร์,1542099.4938406337,675516.9681884191,hospital,,,
สถาบันกัลยาณ์ราชนครินทร์,1521805.032692682,644034.9178154125,hospital,,,
โรงพยาบาลวิชัยเวช อินเตอร์เนชั่นแนล หนองแขม,1515805.9395321354,647156.9995040162,hospital,,,
โรงพยาบาลหลวงพ่อทวีศักดิ์,1510123.6542388476,645507.1564682062,hospital,,,
กรุงธนบุรี,1517388.4951291857,662597.9208439796,,,,station
ศูนย์ฝึกโรงเรียนจิตอาสา 904,1532507.5641743327,672298.2584529151,college,,,
โรงเรียนจิตอาสาพระราชทาน,1523904.0408833474,667901.7729199817,college,,,
ศศิรักษ์คลินิกเวชกรรม,1516008.732971442,650096.1547214381,hospital,,,
,1519259.6196984455,665402.5253481123,police,,,
ลาดพร้าว,1526938.0893205525,670222.3253433545,,,,station
WIH International Hospital,1511158.5178447096,678524.9902521383,hospital,,,
กรุงเทพอภิวัฒน์,1526588.3754627937,666648.6379765936,,,,station
บางซ่อน,1528585.772142598,665825.1643442109,,,,station
บิ๊กซี พลาซ่า พระราม 4,1517099.5764967066,669801.8035173398,,mall,,
เรนฮิลล์,1518165.5280436801,670206.1733331042,,mall,,
,1521901.5189229206,676894.4098135342,hospital,,,
,1529930.7009297342,669917.4698389272,police,,,
,1519015.2596070943,669029.171588358,hospital,,,
Huachiew TCM,1520611.6232845564,663970.4468058709,hospital,,,
Bangna Hospital,1511488.9751130603,676889.7426803665,hospital,,,
Smile Together Clinic,1528222.2485602808,678867.1642749074,hospital,,,
สุขสยาม,1517963.6482949078,663275.8235458882,,mall,,
International Hotel and Tourism Industry Management School,1521358.2174503224,677650.0338112029,college,,,
สถานีตำรวจนครบาลบางกอกน้อย,1521675.5589386253,659091.6035728278,police,,,
ศรีลาซาล,1510169.7869000842,677621.355839464,,,,station
ศรีเอี่ยม,1511578.181972998,677926.3786986312,,,,station
ศรีอุดม,1512569.3884973037,678038.9130733575,,,,station
สวนหลวง ร.9,1514143.9175964585,678129.0416533026,,,,station
ศรีนครินทร์ 38,1515278.350508054,678053.1576179358,,,,station
ศรีนุช,1516380.262018773,677799.3515299152,,,,station
กลันตัน,1517946.5322184965,677527.3796560186,,,,station
หัวหมาก,1519149.4946939868,677449.8233395334,,,,station
ศรีกรีฑา,1520730.1366256126,677833.7831422994,,,,station
แยกลำสาลี,1521992.8233340462,677909.9585700628,,,,station
บางกะปิ,1522791.341602258,677276.8735833843,,,,station
ลาดพร้าว 101,1523398.9367367867,676199.2971335843,,,,station
มหาดไทย,1523807.1870381963,675473.9681882937,,,,station
ภาวนา,1526190.4141881235,671244.7377396373,,,,station
โชคชัย 4,1525562.879822115,672355.5660136777,,,,station
ลาดพร้าว 71,1524761.0637670308,673782.0531169571,,,,station
ลาดพร้าว 83,1524390.2188117637,674442.4743766502,,,,station
สถานีตำรวจนครบาลหนองแขม,1512368.5485913574,645500.1844259349,police,,,
Kurv7,1521111.3187807705,678964.4185838844,,mall,,
Market Place Krungthep Kreetha,1520753.8928947197,680306.7367201983,,mall,,
กองบังคับการตำรวจนครบาล ๕,1517618.0400258794,665637.0119764842,police,,,
หัวหมาก,1519379.731338988,677293.4092212871,,,,station
มณเฑียรมอลล์,1518428.5238560278,665611.2331145279,,mall,,
SEENSPACE Thong Lor 13,1518797.745096943,670990.5346864192,,mall,,
แจ้งวัฒนะ 14,1536477.4797177871,668577.7886943457,,,,station
ตลาดมีนบุรี,1527662.2040641787,686549.8802022717,,,,station
ศูนย์ราชการเฉลิมพระเกียรติ,1536201.7455957944,669358.0421449095,,,,station
โทรคมนาคมแห่งชาติ,1535854.9170972703,670264.1290276274,,,,station
หลักสี่,1535472.9911434988,671020.1825953543,,,,station
วัดพระศรีมหาธาตุ,1534408.4296926002,672596.6120398312,,,,station
ราชภัฏพระนคร,1535019.7105286075,671737.6291897658,,,,station
รามอินทรา 3,1534035.347990447,673184.4847553474,,,,station
ลาดปลาเค้า,1533143.838070498,674832.9604408484,,,,station
รามอินทรา กม.4,1532653.8669055335,675735.1826180498,,,,station
มัยลาภ,1532293.5743113486,676396.6009672099,,,,station
วัชรพล,1531665.1557387246,677552.4680234401,,,,station
รามอินทรา กม.6,1531228.47247918,678351.7533238451,,,,station
รามอินทรา กม.9,1529971.4067879256,680234.0342196901,,,,station
คู้บอน,1530721.2437663658,679278.7479746832,,,,station
วงแหวนรามอินทรา,1528945.9937528758,681282.9354946644,,,,station
บางชัน,1527667.8656989413,684073.6155338188,,,,station
นพรัตน์,1528075.924701344,682201.6961383157,,,,station
เศรษฐบุตรบำเพ็ญ,1527672.050545194,685121.5859801547,,,,station
มีนบุรี,1527214.037354832,687294.0480042188,,,,station
สนามกีฬาแห่งชาติ,1520216.1693130143,665324.0526435084,,,,station
,1523767.3519048404,670100.7376617579,police,,,
Decathlon พระราม 2,1511595.867907954,656630.9109497959,,mall,,
The Explace,1514319.558849457,652281.3847402396,,mall,,
สถานีตำรวจชุมชนตลาดหนองแขม,1512480.2990649748,644895.231833751,police,,,
ศูนย์บริการสาธารณสุข 56 ทับเจริญ,1530343.774956056,676923.357760104,hospital,,,
สถานีตำรวจนครบาลท่าพระ,1518296.4279250337,658475.334416781,police,,,
วิทยาลัยเทคโนโลยีสยาม,1519346.633185811,659086.443252093,college,,,
วิทยาลัยสารพัดช่างธนบุรี,1518817.8158219268,662937.0047744352,college,,,
Hug Thai Zone,1520268.6541186455,666346.5187934977,,mall,,
สถานนีดับเพลิงชั่วคราว พระโขนง,1516422.0576849976,677150.4763470923,fire_station,,,
สีลม,1518306.4872035256,666199.7436932103,,,,station
วัดมังกร,1519727.346285761,663253.3216223922,,,,station
สามยอด,1520252.2091661366,662427.317869073,,,,station
สนามไชย,1519951.1773213197,661598.813941244,,,,station
สามย่าน,1518618.3947231437,665446.1321275155,,,,station
อิสรภาพ,1519285.727448067,660637.8523016856,,,,station
บางซื่อ,1526406.6153275347,666577.9366032202,,,,station
เพชรบุรี,1520535.951260004,669034.7993927466,,,,station
,1518840.163818302,669232.976759615,police,,,
Thong Lor Police Post,1518696.2709073517,671053.0217158109,police,,,
จุฬาลงกรณ์มหาวิทยาลัย,1519330.532895839,665457.7833031892,university,,,
โรงพยาบาลรามาธิบดี,1522510.6553911613,665023.7065952477,hospital,,,
มหาวิทยาลัยธุรกิจบัณฑิตย์,1533943.1006814488,667600.7408300511,university,,,
ตลาดผลไม้สะพานขาว,1521396.870505174,663991.8828599198,marketplace,mall,,
ตลาดมหานาค,1521279.2290262894,664051.420913765,marketplace,mall,,
โรงพยาบาลศิริราช,1521433.948993645,660591.6791215821,hospital,,,
Indra Square,1520985.7267631441,666599.1014360901,,mall,,
โรงพยาบาลศิริราช ปิยมหาราชการุณย์,1521688.70107635,660671.5037283375,hospital,,,
สถาบันเทคโนโลยีพระจอมเกล้าเจ้าคุณทหารลาดกระบัง,1518372.343295942,692243.3012956418,university,,,
คลองถม เซ็นเตอร์,1520181.5769464262,662919.8057157139,marketplace,mall,,
The Platinum Place,1532415.453722815,677270.6004519891,,mall,,
สถานีดับเพลิงและหน่วยกู้ภัยทุ่งมหาเมฆ,1516546.1683686983,667063.4818535044,fire_station,,,
มหาวิทยาลัยเทคโนโลยีพระจอมเกล้าธนบุรี (บางขุนเทียน),1501417.6977897447,655895.0109040311,university,,,
มหาวิทยาลัยหอการค้าไทย,1523913.950527817,668693.6796897392,university,,,
เซ็นทรัล อีสต์วิลล์,1526608.2302420991,674486.7632913591,,mall,,
มหาวิทยาลัยสวนดุสิต,1523442.7609762135,663268.0645488023,university,,,
โรงพยาบาลบำรุงราษฎร์,1520207.7082228856,667836.0084291479,hospital,,,
Emporium,1518428.0618086052,669640.4499825443,,mall,,
Central Bangna,1511780.30900921,676791.493412104,,mall,,
Miracle Mall,1518323.0334929668,669999.0244552441,,mall,,
Siam Center,1520192.9122546918,665725.67951751,,mall,,
Big C Supercenter,1520284.6829321717,666680.401537213,,mall,,
Gaysorn Amarin,1519894.4412783158,666647.046387008,,mall,,
The 49 Terrace,1518653.4484069808,670414.7410419913,,mall,,
โรงพยาบาลสมิติเวช สุขุมวิท,1518967.8135735677,670467.0677439632,hospital,,,
สำนักงานตำรวจแห่งชาติ,1519968.281919819,666227.0990338208,police,,,
Erawan Bangkok,1519894.0823660658,666572.1366911154,,mall,,
Wave Place,1519945.6415910115,667362.7308627515,,mall,,
Silom Complex,1518193.9299880916,665991.17641296,,mall,,
มหาวิทยาลัยเทคโนโลยีราชมงคลกรุงเทพ,1516573.7310583724,666259.6502386433,university,,,
เดอะมอลล์ ท่าพระ,1516539.4637785745,660034.1764926405,,mall,,
โรงพยาบาลวิภาวดี,1531262.5295388093,668807.1454792982,hospital,,,
เดอะมอลล์ บางกะปิ,1522448.820658431,677586.3284710927,,mall,,
พันธุ์ทิพย์พลาซ่า,1520653.6618672095,666206.4949860639,,mall,,
The Platinum Fashion Mall,1520603.7007705413,666456.7100455655,,mall,,
มหาวิทยาลัยเทคโนโลยีราชมงคล วิทยาเขตอุเทนถวาย,1519697.005390794,665554.6433097068,university,,,
โรงพยาบาลจุฬาลงกรณ์,1518670.7170787246,666036.2394536452,hospital,,,
สถาบันการพยาบาลศรีสวรินทิรา สภากาชาดไทย,1518618.3695222568,665907.6271242797,college,,,
,1518724.6376349137,665454.4682560397,,mall,,
ซีคอนสแควร์,1514506.4223702971,678255.7722619058,,mall,,
พาราไดซ์ พาร์ค,1513794.7166880306,678184.8364188488,,mall,,
อิมพีเรียลเวิลด์ ลาดพร้าว,1524608.9207872297,674327.8813966017,,mall,,
มหาวิทยาลัยรามคำแหง วิทยาเขตปัจฉิมสวัสดิ์ - สุวรรณนภาศรี (วิทยาเขตบางนา),1511463.3897300616,682624.8720748824,university,,,
มหาวิทยาลัยเกษตรศาสตร์,1531552.755273098,669570.5245086254,university,,,
บางรัก,1518333.9364660708,666061.7113025556,,mall,,
Thaniya Building,1518250.6186723772,665835.03705158,,mall,,
สถานีตำรวจนครบาลลุมพินี,1518577.5829996872,667180.6498736332,police,,,
Ploenchit Center,1519700.1793987872,667747.9299361636,,mall,,
Design Square,1511509.5702598994,677681.0048292379,,mall,,
โรงพยาบาลไทยนครินทร์,1511612.9032039193,677207.6564748393,hospital,,,
Faculty of Science,1531183.4831975468,669834.9568967842,college,,,
คณะประมง,1532227.4496427483,669504.2779637184,college,,,
คณะวิศวกรรมศาสตร์,1531208.580524877,669600.3520633315,university,,,
เดอะมอลล์ บางแค,1516495.685284558,652238.5030449532,,mall,,
เซ็นทรัลพลาซา พระราม 2,1511014.5102269787,655557.2939084007,,mall,,
,1529089.8195218549,665106.5600720495,,mall,,
Union Mall,1527666.915973951,668828.4094008186,,mall,,
People Park Community Mall,1516409.0069597359,673904.4535591897,,mall,,
Century The Movie Plaza Sukhumvit,1515745.450584917,673211.2902437779,,mall,,
,1527318.1840831693,668710.4098768496,university,,,
เจเจ มอลล์,1526363.8586041678,667449.9808048502,,mall,,
Buddy Shopping Plaza,1521526.838259731,662006.5174158681,,mall,,
ดิโอลด์สยามพลาซ่า,1520127.2850024274,662199.9568944469,,mall,,
ไชน่าเวิลด์,1520020.4439552377,662370.1073297331,,mall,,
อินเดีย เอ็มโพเรียม,1519900.6795380588,662304.1147494707,,mall,,
สถานพยาบาล,1531329.264542628,669499.8522196343,hospital,,,
โรงพยาบาลพญาไท 2,1522853.0580562395,666527.589703917,hospital,,,
โรงพยาบาลราชวิถี,1522153.4109122872,666066.3542992473,hospital,,,
คณะเภสัชศาสตร์ มหาวิทยาลัยมหิดล,1521837.090634596,665268.1777891533,university,,,
วิทยาลัยแพทยศาสตร์พระมงกุฎเกล้า,1522765.2723325272,665553.8147753775,college,,,
The Nine Center Rama 9,1519711.2426236651,675705.838368574,,mall,,
กองบังคับการตำรวจนครบาล 6,1520146.9730327714,662103.055004393,police,,,
มหาวิทยาลัยราชภัฏบ้านสมเด็จเจ้าพระยา,1518598.5886886097,660998.6883264949,university,,,
ตึกไทย-เยอรมัน,1528199.5989948364,663720.6401397998,university,,,
IT Square,1535716.8456705308,670850.1640512826,,mall,,
ไอทีแกรนด์บางแค,1516396.068018133,654073.7117498015,,mall,,
มหาวิทยาลัยราชภัฏธนบุรี,1518809.84278992,661288.118605812,university,,,
The Mall Ramkhamhaeng 2,1520981.9097195321,674006.1249568859,,mall,,
เซ็นทรัล พระราม 3,1514841.7849203662,666280.5307919635,,mall,,
โรงพยาบาลเกษมราษฎร์ ประชาชื่น,1529666.464259878,666304.7438804606,hospital,,,
The Avenue Chaengwattana,1536633.9758827905,668389.4745842469,,mall,,
Monopoly Park,1513373.0808682726,667004.4423672213,,mall,,
คณะทันตแพทยศาสตร์ มหาวิทยาลัยมหิดล,1522168.506590929,665762.6886235819,university,,,
,1522156.1051889767,665998.1961087368,hospital,,,
สถาบันประสาทวิทยา,1522668.1106369481,665100.3512935993,hospital,,,
สถาบันมะเร็งแห่งชาติ,1522538.7958500606,665111.9432844751,hospital,,,
คณะวิทยาศาสตร์ มหาวิทยาลัยมหิดล,1522228.8352997813,664919.5568878824,university,,,
คริสตัล ดีไซน์ เซ็นเตอร์,1526658.2664379727,674850.8391120553,,mall,,
โลตัส สุขาภิบาล 1,1529053.8447430162,679398.0468520368,,mall,,
Central World,1520226.2767789722,666401.6651192055,,mall,,
MBK Center,1519991.470418478,665410.5824228805,,mall,,
Gaysorn Village,1520078.6345087397,666585.7685391314,,mall,,
Samyan Mitrtown,1518858.8348970953,665241.4801360923,,mall,,
Center Point Siam Square,1520072.18755544,665772.3510565623,,mall,,
Terminal 21,1519295.8969363568,668722.1747769743,,mall,,
Central Ladprao,1527978.1695163385,668713.4021778285,,mall,,
The One Park,1527876.3454866891,668705.5702483241,,mall,,
ริเวอร์ไซด์ พลาซ่า,1515622.20532755,661243.8341004372,,mall,,
Siam Discovery,1520238.5537261073,665584.7989329613,,mall,,
อะลาอาร์ท,1519960.112742527,665520.8127175304,,mall,,
ลิโด้,1520097.1568521252,665696.4799943037,,mall,,
เซ็นจูรี่ เดอะ มูฟวี่ พลาซ่า,1521897.7174069975,666183.2686431917,,mall,,
Big C,1529062.3566384101,665198.453520332,,mall,,
บิ๊กซี วงศ์สว่าง,1529172.2644088888,665187.3724893659,,mall,,
,1528389.69497234,663778.061307726,university,,,
Gateway Bangsue,1526758.2500489552,664719.8862313672,,mall,,
มหาวิทยาลัยธรรมศาสตร์ ท่าพระจันทร์,1521378.3905806092,661160.5201047866,university,,,
โรงพยาบาลธนบุรีบำรุงเมือง,1520649.3085896503,663736.5524302883,hospital,,,
โรงพยาบาลหัวเฉียว,1520593.1382383201,663852.9809409366,hospital,,,
โรงพยาบาลกลาง,1520201.909341473,663168.9794259933,hospital,,,
La Villa,1523916.710699459,667043.5667720352,,mall,,
โรงพยาบาลมิชชั่น,1521434.155989689,664228.300778396,hospital,,,
ศูนย์เรียนรวม 1,1531379.7033993655,669778.7138902694,university,,,
เซ็นทรัล รามอินทรา,1534191.1985786497,673119.346307415,parking,mall,,
โรงเรียนเสนาธิการทหารบก,1524439.3330917952,665070.246169114,college,,,
สํานักงานส่งกําลังบํารุง,1524072.8611865263,665244.5324027207,police,,,
Gateway Ekkamai,1517162.3070106374,671428.9592861999,,mall,,
Ei8t Thonglor,1518517.6370325447,671026.2269575781,,mall,,
Central Rama 9,1521569.2803716043,669309.8266712037,,mall,,
Big C,1518095.8880484782,671484.3319064977,,mall,,
Fortune Town,1521630.4527515296,669213.8598734521,,mall,,
เซ็นเตอร์วัน,1522154.7096531368,666411.0377329091,,mall,,
โรงพยาบาลเพชรเกษม 2,1516319.846516862,654835.0511049557,hospital,,,
ซีคอนบางแค,1516299.1728475636,655077.4726397002,,mall,,
กองบัญชาการตำรวจนครบาล,1522549.1057935182,663244.3489424308,police,,,
มหาวิทยาลัยเทคโนโลยีราชมงคลพระนคร,1521895.4723228363,663636.4422880827,university,,,
มหาวิทยาลัยสยาม,1517343.6854323098,657139.3591331389,university,,,
มหาวิทยาลัยศิลปากร วังท่าพระ,1520919.8523016563,661116.1523573628,university,,,
สถาบันโรคผิวหนัง,1522335.805874961,666032.0299713219,hospital,,,
สถาบันสุขภาพเด็กแห่งชาติมหาราชินี,1522324.2516080174,665959.582957447,hospital,,,
Administrative Building,1521200.6639653419,675983.6318072486,college,,,
Salle D' Expo,1521116.0326677505,675996.2218886525,college,,,
St. Philip & Bernard Hall,1521164.0554202092,675965.0450710871,college,,,
มหาวิทยาลัยอัสสัมชัญ,1521009.2979512599,676025.1247297939,university,,,
Assumption Hall,1521111.3207544044,675969.843409744,college,,,
De Montfort Hall,1521220.0674494922,675978.0049229724,university,,,
Information Building,1521207.4133485733,675998.2315631135,college,,,
St. Gabriel's Hall (Central Library),1521080.2698599526,676002.9717126199,college,,,
Martin De Tours Hall,1521046.8899878156,675985.8718767645,college,,,
Coronation Hall,1520874.8958594883,676048.3406651778,college,,,
Queen's Building,1520810.701924464,676025.875958372,college,,,
St. Louis Hall,1521075.3302162115,675975.4624106304,university,,,
Engineering Building,1520854.7270600367,676020.0529943048,college,,,
สถานีตำรวจนครบาลลำผักชี,1527426.7243232958,699543.3216931634,police,,,
มหาวิทยาลัยเทคโนโลยีมหานคร,1531315.1516010377,700603.2004403052,university,,,
สถาบันบัณฑิตศึกษาจุฬาภรณ์,1535288.5566646603,670625.7449321359,university,,,
โรงพยาบาลจุฬาภรณ์,1535117.3650047143,670535.9877714931,hospital,,,
โรงเรียนฝึกอาชีพกรุงเทพมหานคร (หนองจอก),1529601.8919711963,699810.5564289108,college,,,
สถานีตำรวจนครบาลทุ่งสองห้อง,1533700.974853601,669791.3291993787,police,,,
มหาวิทยาลัยเกษมบัณฑิต,1519483.1851234413,675952.7417143635,university,,,
Asiatique The Riverfront,1515515.3707679205,662510.6563106315,marketplace,mall,,
The Portico Langsuan,1519738.579434727,666920.0000856618,,mall,,
Nawamin Festival Walk,1529901.758955286,674210.7969737488,,mall,,
มหาวิทยาลัยเกษมบัณฑิต วิทยาเขตร่มเกล้า,1526570.9879334413,687716.5325015626,university,,,
ห้างสรรพสินค้าตั้งฮั่วเส็ง,1521819.344918182,661906.0987395017,,mall,,
Nawamin City Avenue,1530019.0499184437,674095.3530841796,,mall,,
ศูนย์การค้าธนิยะ,1518293.035092828,665797.2272852676,,mall,,
โรงพยาบาลเจตนิน,1520302.563550784,667031.4825482611,hospital,,,
คณะเวชศาสตร์เขตร้อน มหาวิทยาลัยมหิดล,1522326.0827400961,665818.4653729226,university,,,
คณะสาธารณสุขศาสตร์ มหาวิทยาลัยมหิดล,1522401.6993326102,665848.8894165668,university,,,
วิคตอรี่ มอลล์,1522180.0546281384,666386.9980961061,,mall,,
วิทยาลัยพยาบาลบรมราชชนนี,1521995.358474072,666091.7419884659,college,,,
สถาบันการบินพลเรือน,1526146.9007232247,667985.985728155,college,,,
โรงเรียนอัสสัมชัญพาณิชยการ,1516953.532226445,665003.4850754765,college,,,
บางซื่อ จังชั่น,1526050.1328832002,667305.2317813672,,mall,,
โรงเรียนนายเรืออากาศ,1539403.7989785601,675833.7504593055,university,,,
สถานีตำรวจนครบาลพญาไท,1521643.7459968312,665432.5961932249,police,,,
มหาวิทยาลัยศรีปทุม,1532207.7020224424,671329.2332906923,university,,,
,1523650.8127392537,666716.6796751055,hospital,,,
เซ็นทรัล ปิ่นเกล้า,1523605.0953078135,659550.7246739698,,mall,,
The Palladium World Shopping,1520657.9318653378,666757.2805908496,,mall,,
ซิตี้ คอมเพล็กซ์ ประตูน้ำ,1520740.056367959,666460.7184955289,,mall,,
กรุงทองพลาซ่า,1520731.2633392974,666408.0091176846,,mall,,
Metro Fashion Mall,1520886.7977628417,666001.6574273604,,mall,,
คิง เพาเวอร์ รางน้ำ,1521702.444447134,666270.1571200258,,mall,,
O.P. Place,1517758.1552769088,663872.7330531429,,mall,,
โรงพยาบาลกรุงเทพคริสเตียน,1518218.4758605182,665564.0648210683,hospital,,,
โรงพยาบาลคณะทันตแพทยศาสตร์,1519863.8654921849,665958.9595346502,hospital,,,
Center Point Plaza,1521571.003232118,661893.6253501402,,mall,,
มหาวิทยาลัยมหามกุฏราชวิทยาลัย,1521637.945653066,662253.359099354,university,,,
วิทยาลัยพาณิชการอินทราชัย,1521930.1188857034,673630.6822367918,college,,,
Grand Diamond Plaza,1520670.2378295115,666342.0824277019,,mall,,
Central Embassy,1519950.1812878288,667224.500989561,,mall,,
,1529664.3041957675,668021.2968342537,police,,,
โรงพยาบาล วิภาราม,1518998.138058489,677922.2830251178,hospital,,,
โรงพยาบาล รามคำแหง,1521530.959864746,676955.18554347,hospital,,,
สวน 60 ปี มหาวิทยาลัยเกษตรศาสตร์,1531664.4503529018,669265.3100760964,university,,,
โรงพยาบาลตำรวจ,1519849.706744048,666293.2025445594,hospital,,,
แพลทฟอร์ม วงเวียนใหญ่,1518039.9218141565,661633.2973908066,,mall,,
Chaophya Hospital,1523919.053730903,658976.2382473417,hospital,,,
Pickadaily Bangkok Mall,1516412.8316025194,676884.1749842056,,mall,,
โรงพยาบาลพระราม 9,1520955.1825626865,669828.145974281,hospital,,,
Sena Fest,1517193.0705056891,663031.3908905275,,mall,,
สถานีตำรวจนครบาลยานนาวา,1517320.9645258372,664293.4416434214,police,,,
โรงพยาบาลสมิติเวชธนบุรี,1516625.432439259,661104.3318251076,hospital,,,
สถานีดับเพลิงบางอ้อ,1526437.3469045232,663459.670725927,fire_station,,,
วิทยาลัยเทคโนโลยีพระรามหก,1526509.390275533,663517.4462478464,college,,,
โรงพยาบาลวิชัยยุทธ,1524301.95217911,665805.5925498615,hospital,,,
มหาวิทยาลัยรามคำแหง (หัวหมาก),1521338.3708379986,674977.7820468266,university,,,
สถานีตำรวจนครบาล พลับพลาไชย,1519919.0137515252,663331.6959887119,police,,,
Shibuya 19,1520760.5590568644,666311.1706139379,,mall,,
สนั่นสภามาร์เก็ต,1524008.3217166658,666978.3085870808,,mall,,
เมเจอร์ ซีนีเพล็กซ์ - ปิ่นเกล้า,1523739.4271801368,659781.2012312887,,mall,,
โรงพยาบาลเทียนฟ้ามูลนิธิ,1519290.4468308534,663515.1307416777,hospital,,,
แฮปปี้แลนด์เซ็นเตอร์,1522820.6226436272,677570.4363629625,,mall,,
เอ็นมาร์ค พลาซ่า,1522671.8181981894,677597.3573591476,,mall,,
ตู้ควบคุมสัญญาณไฟจราจร เดอะมอลล์ บางกะปิ,1522652.6854915724,677484.0432325257,police,,,
ตู้ควบคุมสัญญาณไฟจราจร สี่แยกบางกะปิ,1522514.6870602346,678137.6784677039,police,,,
ตู้ควบคุมสัญญาณไฟจราจร แยกนิด้า,1523215.9842942103,678849.9091775418,police,,,
,1517404.0654477433,671289.0282710501,,mall,,
J Avenue,1518940.1231772501,671043.7274782751,,mall,,
EmQuartier,1518634.7529726103,669717.8810151035,,mall,,
แอมพาร์ค,1519500.524292178,664846.2151128605,,mall,,
Nihonmura,1518902.8656008302,670805.3606392202,,mall,,
Seenspace 13,1518796.6307811497,670990.6457618733,,mall,,
The Up Rama 3,1515114.6723431495,666588.3120098682,,mall,,
สถานีตำรวจนครบาลบางบอน,1508971.1540770337,649427.4440901674,police,,,
สถานีตำรวจนครบาลลาดกระบัง,1517573.6655616087,690740.7267356098,police,,,
วิทยาลัยเทคโนโลยีธนบุรีบริหารธุรกิจ,1509826.2937353316,650208.0135676226,college,,,
Fifty Fifth,1517991.4941708304,670889.3924504549,,mall,,
Int-Intersect,1512262.4213687843,667122.0418422043,,mall,,
The Third Place,1518710.6478499058,671098.7224755675,,mall,,
Camillian Hospital,1519441.1957550282,671216.6164399517,hospital,,,
สถานีตำรวจนครบาลทองหล่อ,1519084.2362005503,671228.7996027275,police,,,
Park Lane,1517697.9717659797,671303.3649337625,,mall,,
The Commons,1518975.4339079116,671072.6476246853,,mall,,
Donki Mall,1518512.5489973335,671455.4803259089,,mall,,
Racquet @ 49,1519145.8283745754,670432.758205937,,mall,sports_centre,
โรงพยาบาลจักษุ รัตนิน,1520239.523444383,669000.6700240159,hospital,,,
มหาวิทยาลัยศรีนครินทรวิโรฒ ประสานมิตร,1520077.1314529523,669247.3774287695,university,,,
โรงพยาบาลปิยะเวท,1521016.4798486973,670838.2152291359,hospital,,,
Nana Square,1519796.5537558016,667873.5959175582,,mall,,
รพ.บ้านแพ้ว พร้อมมิตร,1518770.338432084,670156.5737911655,hospital,,,
โรงพยาบาลสวนเบญจกิติเฉลิมพระเกียรติ 84 พรรษา,1517811.920065018,668033.748912596,hospital,,,
โรงพยาบาล เพชรเวช,1519909.6351320741,672305.664564208,hospital,,,
Vivre Langsuan,1519685.365249404,666853.4499097912,,mall,,
โรงพยาบาลผิวหนังอโศก,1520720.6940450033,669134.566598753,hospital,,,
Midtown Asoke,1519935.8324103565,668884.4123536722,,mall,,
,1539669.2930202777,681920.8818951071,police,,,
Rain Hill Plaza,1518187.5777543348,670203.9537231353,,mall,,
Urbis,1519252.1282603447,667504.0426914836,,mall,,
โรงพยาบาล พญาไท 1,1521302.5607469922,666427.0495918383,hospital,,,
,1520298.667923844,663039.3357720011,,mall,,
Ekkamai Shopping Mall,1518357.0393086907,671561.8793994421,,mall,,
มหาวิทยาลัยราชภัฏพระนคร,1534632.9016194374,671900.3108768404,university,,,
Bangprakok 9 International Hospital,1513037.9628466703,659478.3179325513,hospital,,,
Phyathai 3 Hospital,1517567.9455377944,658300.0126824693,hospital,,,
โรงพยาบาลสมเด็จพระปิ่นเกล้า,1516159.6013427614,660562.6220348228,hospital,,,
สถานีตำรวจนครบาลวังทองหลาง,1521747.6325501308,673170.0630354825,police,,,
โรงพยาบาลลาดพร้าว,1523781.903927813,675596.4325802007,hospital,,,
โรงพยาบาลเวชธานี,1523107.5742241985,676976.0984745263,hospital,,,
สถานีตำรวจนครบาลหัวหมาก,1521750.717952111,675941.9622343627,police,,,
The Manor,1518945.5467814347,669968.9014516259,,mall,,
,1519809.7005023449,669494.3845196647,,mall,,
,1519794.8297429818,669465.0639408685,,mall,,
สำนักแพทย์และอนามัย การท่าเรือฯ,1516773.477255131,669349.0949511693,hospital,,,
สถาบันเทคโนโลยีปทุมวัน,1520407.9297436473,664974.0473406228,university,,,
Amorini Ramintra,1527760.3875605091,682416.8310889709,,mall,,
โรงพยาบาลนพรัตนราชธานี,1528166.7117053273,682473.3361564728,hospital,,,
ริเวอร์ซิตี,1518424.706856339,663627.4849603308,,mall,,
โรงพยาบาลเลิดสิน,1517482.249459747,664092.3154435032,hospital,,,
Bangkok Fashion Outlet,1517500.216619659,664396.8557482124,,mall,,
อาคารส่วนวิทยบริการ,1522449.283179458,665821.843547347,university,,,
มหาวิทยาลัยเทคโนโลยีราชมงคลพระนคร,1522883.289995174,662572.7501074721,university,,,
มหาวิทยาลัยราชภัฏสวนสุนันทา,1523406.9662089697,663056.7017917121,university,,,
โรงพยาบาลเซนต์หลุยส์,1517182.952553812,664909.970672861,hospital,,,
คณะแพทยศาสตร์วชิรพยาบาล มหาวิทยาลัยนวมินทราธิราช,1524027.2645240305,663020.1005379077,university,,,
สเตเดียมวัน,1520224.7389618682,664814.1017721405,,mall,,
รพ เกษมราษฎร์ บางแค,1516181.5230185771,651263.6810905413,hospital,,,
ท่ามหาราช,1521116.6985398596,660950.2881962006,,mall,,
สยามสแควร์วัน,1520049.515415647,665831.9554958928,,mall,,
Saint Carlos Hospital,1524380.6222452077,670434.4000342541,hospital,,,
สถานีตำรวจนครบาลห้วยขวาง,1523622.8780134115,669711.9696456719,police,,,
โรงพยาบาลสายไหม,1539912.5787023886,681963.5251905422,hospital,,,
โรงพยาบาลศูนย์การแพทย์วิชัยยุทธ,1523997.3800687469,665711.1670664056,hospital,,,
สถานีดับเพลิงและกู้ภัยห้วยขวาง,1523626.8208076293,669750.7481214501,fire_station,,,
Sutthisan Check Point,1524626.8149340553,669392.1904985373,police,,,
ศูนย์บริการสาธารณสุข 52 สามเสนนอก,1523669.7681428308,669748.4692441054,hospital,,,
เดอะวอล์ค,1529379.0379520066,675848.1674852816,,mall,,
MahaNakhon CUBE,1517722.3662493522,665286.5253558905,,mall,,
,1508395.657081244,662385.5665119435,,mall,,
มหาวิทยาลัยรัตนบัณฑิต,1523921.6199095566,677133.3737846159,university,,,
Warehouse 26,1517500.091225638,669568.8559134747,,mall,,
The Taste Thonglor,1518735.0647390708,671029.1060325012,,mall,,
Major Cineplex Ramkhamhaeng,1521070.7157177385,674152.0058454154,,mall,,
หัวหมากทาวน์เซ็นเตอร์,1521284.2873075234,674374.0311140146,,mall,,
Major Hollywood Ramkhamhaeng,1521474.3127841738,674528.2840277416,,mall,,
A-Link Square,1519887.6739605484,673078.4263686442,,mall,,
Vibhavadi Metropolitan Police Station,1529892.4786165745,668417.2253531488,police,,,
โรงพยาบาลศิครินทร์,1510090.2316602087,678056.7935097066,hospital,,,
โรงพยาบาลบางปะกอก 8,1510855.105474647,652194.7516102603,hospital,,,
โรงพยาบาลเจริญกรุงประชารักษ์,1514411.6973382365,661612.7477458183,hospital,,,
โรงพยาบาลกรุงเทพ,1520522.1161909185,671194.4437444475,hospital,,,
โรงพยาบาลยันฮี,1526087.4716429806,663389.766270189,hospital,,,
EMSPHERE,1518646.9164805072,669340.737998611,,mall,,
ใบหยก แกลลอรี,1520881.8185048043,666557.3802472107,,mall,,
มหาวิทยาลัยนานาชาติแสตมฟอร์ด,1519059.145603127,679640.4637149342,university,,,
สถานีดับเพลิงและกู้ภัยหนองแขม,1517218.4439956923,647441.27818434,fire_station,,,
มหาวิทยาลัยเทคโนโลยีพระจอมเกล้าธนบุรี,1509657.3235024428,661597.608928785,university,,,
สถานีดับเพลิงพระโขนง,1516026.133299688,673038.3235780256,fire_station,,,
Habito,1516538.512848042,673119.2957109815,,mall,,
Terminal 21,1519295.8979445389,668722.1738728086,,mall,,
โรงพยาบาลสมิติเวช,1519235.8116486005,663540.5087981635,hospital,,,
สถานีตำรวจนครบาลพระโขนง,1516077.6776696912,673015.5805604721,police,,,
The Phyll,1515404.5030598273,673192.3668107914,,mall,,
The Paseo Park,1522402.4454276122,652018.22493282,,mall,,
,1513996.8662818582,645072.2960631476,,mall,,
,1513976.5117149116,645038.0027061022,,mall,,
@ Park Phetkasem 81,1513982.494182849,645077.355887621,,mall,,
,1514002.2665760159,645109.2517125201,,mall,,
โรงพยาบาลพญาไท นวมินทร์,1529039.5816807384,679160.3239526412,hospital,,,
A Square,1517309.585699036,669483.6677709641,,mall,,
วีมาร์เก็ต,1521568.3141429073,694406.5127700696,,mall,,
วีมาร์เก็ต,1521561.6003634883,694391.2917344223,,mall,,
วีมาร์เก็ต,1521590.6753314494,694330.7629284225,,mall,,
วีมาร์เก็ต,1521575.335635102,694311.0775381452,,mall,,
Summer Hill,1516721.171438663,672116.9211741573,,mall,,
The Twenty Six,1517937.774246512,669666.6599237855,,mall,,
Bravo BKK,1520763.2354939044,669958.8713252072,,mall,,
Bangkok College of Technology,1514748.2692121242,673694.3106441123,college,,,
The Market Bangkok,1520385.581489216,666742.5889604217,,mall,,
เดอะ​ ​​ไนน์ทีน​ แอท​ ชิดลม,1520213.3152559777,666996.241957224,,mall,,
โรงพยาบาลตากสิน,1518464.8683030957,663062.7306897927,hospital,,,
Prachachuen MRI,1512989.0084185854,659441.9666225713,hospital,,,
ศูนย์บริการสาธารณสุข 24 บางเขน,1531679.1316724555,670880.4718830603,hospital,,,
สถานีตำรวจนครบาลโชคชัย,1525657.6575793272,672237.3588123769,police,,,
บ้านสีลม,1517637.2606215884,664464.5344748043,,mall,,
สถานีดับเพลิงบางขุนเทียน,1508839.1352635322,653849.8265445719,fire_station,,,
โรงพยาบาลสุขุมวิท,1517204.2097339402,671641.7539310637,hospital,,,
Food Villa Ratchaphruek,1522243.001671384,656066.662602345,,mall,,
Paradise Place,1514036.8334960449,678207.2564757158,,mall,,
Metro West Town,1516067.2084857232,656981.5605360371,,mall,,
,1538857.860499973,673703.0123917465,fire_station,,,
,1538825.5922683228,673703.186675625,fire_station,,,
คณะสัตวแพทยศาสตร์,1531101.652471638,670461.5715445016,college,,,
คณะเทคนิคการสัตวแพทย์,1531245.2968975226,670373.5302909457,college,,,
สมาคมนิสิตเก่ามหาวิทยาลัยเกษตรศาสตร์ ในพระบรมราชูปถัมภ์,1531335.9879649978,670658.7380235607,university,,,
คณะวนศาสตร์,1531204.7228270124,670120.874272632,college,,,
สวนเพลิน มาร์เก็ต,1516924.8318161983,669933.759155019,,mall,,
บ้านหม้อพลาซ่า,1520132.121945943,661984.052780756,,mall,,
วิทยาลัยเพาะช่าง มหาวิทยาลัยเทคโนโลยีราชมงคลรัตนโกสินทร์,1519958.9446110288,662041.0751594475,college,,,
serithai animalclinic,1525574.9396361792,682558.2364394238,hospital,,,
โรงพยาบาลเกษมราษฎร์ รามคำแหง,1524024.7514213822,681203.1152201798,hospital,,,
"CMMU (Mahidol University, Viphavadi",1522700.4809934448,667552.0425906588,university,,,
โรงพยาบาลคลองสามวา,1538514.942284368,689421.6476698375,hospital,,,
ICONSIAM,1518012.2539280576,663295.5265688123,,mall,,
วิทยาลัยสารพัดช่างสี่พระยา,1518718.989509595,663583.8307597585,college,,,
The Jas Ramintra,1533066.324739685,674232.8450351267,,mall,,
ICS,1517965.877391184,663102.7911942058,,mall,,
วิทยาลัยอุตสาหกรรมการบินนานาชาติ,1518649.0435914618,693402.42925305,college,,,
ศูนย์บริการสาธารณสุข 23 สี่พระยา,1518465.9303147115,664387.9820394372,hospital,,,
Siam Paragon,1520255.1769124782,665960.7347052691,,mall,,
วิทยาลัยดุสิตธานี กรุงเทพ,1514858.3870213374,678302.8149963687,college,,,
โรงพยาบาลสถาบันโรคไตภูมิราชนครินทร์,1521712.6815758226,665905.0103164869,hospital,,,
โรงพยาบาลสงฆ์,1521914.718205285,665100.1891813547,hospital,,,
โรงพยาบาลพระมงกุฎเกล้า,1522589.1722670326,665890.8110603202,hospital,,,
มหาวิทยาลัยเทคโนโลยีพระจอมเกล้าพระนครเหนือ,1528490.1427696182,663643.6495873438,university,,,
วิทยาลัยเทคโนโลยีช่างอุตสาหกรรมกรุงเทพ,1521260.6346357882,676553.4496155721,university,,,
,1519734.0898398864,664932.0697888641,police,,,
Summer Lasalle,1511061.7553237162,674542.0499669972,,mall,,
Sammakorn Place Ramkhamhaeng,1523596.9797701223,680903.1005138531,,mall,,
มหาวิทยาลัยเทคโนโลยีราชมงคลพระนคร ศูนย์พระนครเหนือ,1528073.844422881,663417.8606646903,university,,,
Vi Plaza,1531329.6969796922,668811.0016071876,,mall,,
ศูนย์การแพทย์ภัทรมหาราชานุสรณ์ โรงพยาบาลจุฬาภรณ์,1534962.6181771026,669959.083024127,hospital,,,
คณะวิศวกรรมศาสตร์,1528536.3416163048,663564.545962102,university,,,
วิทยาลัยเทคโนโลยีอุตสาหกรรม,1528399.9236689224,663876.4620067311,college,,,
โรงพยาบาลสมเด็จเจ้าพระยา,1518409.749253704,662693.0941885139,hospital,,,
สถานีตำรวจนครบาล บางรัก,1518375.0364123518,664708.328294075,police,,,
9:53 Community Mall,1518592.365382822,670679.3854007263,,mall,,
,1518247.0753911233,670958.5509736404,,mall,,
Market Place Dusit,1523792.7449772472,662999.9646659405,,mall,,
,1517817.427844083,668035.4071068945,hospital,,,
Forest ถ. พุทธบูชา-พระราม2,1512534.1563542292,659101.6447320181,,mall,,
เทอร์มินอล 21 พระราม 3,1513804.9245113702,662802.8162450183,,mall,,
,1534840.7489055567,669740.0588071917,hospital,,,
JC MALL Nawamin,1527589.1176072166,678562.7744586035,,mall,,
HomePro Fashion Island,1529335.2053017393,681460.426277189,,mall,,
,1515714.37840736,661161.3933267154,police,,,
สถานีดับเพลิงและกู้ภัยบรรทัดทอง,1519077.1949702196,664833.8047150495,fire_station,,,
,1518287.8850487904,670988.2609079885,,mall,,
สถานีดับเพลิงและกู้ภัยบางรัก (ชั่วคราว),1518363.4835859234,664081.190733506,fire_station,,,
,1519322.0826091308,663899.0359209694,police,,,
โรงพยาบาลเมดพาร์ค,1517502.9713973056,668324.5163142611,hospital,,,
สุขุมาลอนามัย สถานีกาชาดที่ 2,1520794.2969521475,661878.0039070686,hospital,,,
Velaa Sindhorn Village,1519172.0594988766,666829.7093674515,,mall,,
Vue Lifestyle,1517438.555693531,663207.6232586288,,mall,,
โรงพยาบาลบีเอ็นเอช,1517830.8090803507,665977.0491243136,hospital,,,
วิทยาลัยเทคโนโลยีบริหารธุรกิจยานนาวา,1515021.492586748,665749.6825111833,college,,,
,1520469.929343097,667448.4268940424,hospital,,,
,1521096.1020155982,666774.8533422418,,mall,,
วิทยาลัยเทคโนโลยีเกษมสันต์บริหารธุรกิจ,1513926.3933116852,681387.0252635693,college,,,
วิทยาลัยอาชีวศึกษาเอี่ยมละออ,1517000.7079353442,666588.0495895727,college,,,
สถานีตำรวจนครบาลทุ่งมหาเมฆ,1517113.118005538,666457.4543386104,police,,,
อะกิฮาบารา,1517969.5223196188,664622.6710025815,,mall,,
เพลินนารี มอลล์,1532606.7875153266,677760.4355350358,,mall,,
Silom Village Trade Center,1517837.493238545,664568.5011961852,,mall,,
โรงพยาบาลมเหสักข์,1517879.3294247845,664303.7453261944,hospital,,,
เซ็นทรัล สีลม ทาวเวอร์,1517701.8383655646,664398.592527034,,mall,,
ราชวิทยาลัยจุฬาภรณ์,1535473.0653550874,669665.0328236804,university,,,
KMB Hospital,1534019.9609098197,673339.0566048506,hospital,,,
สถานีตำรวจชุมชนบึงทองหลาง,1525820.3056420267,675894.6940843677,police,,,
@Area,1514421.8619513055,666765.637203799,,mall,,
มหาวิทยาลัยเทคโนโลยีราชมงคลกรุงเทพ เขตพื้นที่บพิตรพิมุข มหาเมฆ,1516970.1684214787,666250.2168021578,university,,,
วิทยาลัยเทคโนโลยีวิบูลย์บริหารธุรกิจ รามอินทรา,1533262.09379905,675758.5152283115,college,,,
สถานีดับเพลิงบ่อนไก่,1517983.9645366324,667514.8658365564,fire_station,,,
สถานีตำรวจนครบาลบางกอกใหญ่,1519637.5951431624,660750.5332411292,police,,,
มาร์เก็ตเพลส นางลิ้นจี่,1516215.2211316242,666822.5174989424,,mall,,
สนามพระท่าพระจันทร์,1521199.076020631,660988.1719943747,,mall,,
สถานีตำรวจนครบาลวังทองหลาง,1521647.5711017128,673085.5032462954,police,,,
โรงพยาบาลธนบุรีทวีวัฒนา,1524149.9112315674,651389.9208242224,hospital,,,
มหาวิทยาลัยเทคโนโลยีราชมงคลกรุงเทพ พื้นที่พระนครใต้,1516784.5610518332,663787.55271694,university,,,
The Commons Saladaeng,1517951.7704535772,666363.2352826401,,mall,,
Central: The Original Store,1517771.0267675323,663946.3337094901,,mall,,
อาคารชัยพัฒนศิลป์,1518609.015379911,663818.5668888387,,mall,,
WOOF PACK,1518059.5577341751,666708.5287301568,,mall,,
ห้างพัฒนาการบิลเลียด,1518657.576352165,663763.455627621,,mall,,
วิทยาลัยเทคโนโลยีกิตติบริหารธุรกิจ,1516093.656737334,665168.1524854082,college,,,
ศูนย์บริการสาธารณสุข 42 พิทยาลงกรณ์,1496002.5223786163,653766.8741634735,hospital,,,
Silom Connect,1517788.7808916944,665364.6051342486,,mall,,
Green Place,1515344.981034529,664599.9323121103,,mall,,
สถานีตำราวจชุมชนวัดไผ่เงิน,1515257.3594966377,664758.8121255842,police,,,
สถานีตำรวจนครบาลเทียนทะเล,1498579.338369107,653548.1785393568,police,,,
โรงพยาบาลมิราเคิล อ๊อฟไลท์,1527884.7248756099,667835.6969540739,hospital,,,
ศูนย์บริการสาธารณสุข 46 สาขาขุมทอง,1515384.2814694077,700433.2620305375,hospital,,,
Parade,1517966.417942606,667312.792753447,,mall,,
Post 1928,1518207.1515449483,667241.3486443833,,mall,,
วิทยาลัยพาณิชยการธนบุรี,1519199.36296437,657816.6580813632,college,,,
Grand5 Shopping Mall,1519713.9707736399,668064.0660720363,,mall,,
สถานีตำรวจนครบาลดุสิต,1523635.5729545662,664414.2219027607,police,,,
โรงพยาบาลกรุณาพิทักษ์,1516050.9361136113,667085.6499988834,hospital,,,
โรงพยาบาลผู้สูงอายุบางขุนเทียน,1500908.408504636,654063.5709115976,hospital,,,
อิสลามวิทยาลัยแห่งประเทศไทย,1508235.3282153467,662566.3390330764,college,,,
สถานีดับเพลิงและกู้ภัยทุ่งครุ,1505243.4398149934,663165.9122726787,fire_station,,,
วิทยาลัยเทคโนโลยีสารสาสน์,1504630.557416208,662853.9430157617,college,,,
ศูนย์บริการสาธารณสุข 59 ทุ่งครุ,1504794.092883216,662989.2827076055,hospital,,,
,1528535.181955594,668915.7326212251,,mall,,
Anne's Place,1519151.8506625951,676166.2350878259,place_of_worship,mall,,
London Street,1519207.4255999373,676735.2792340801,,mall,,
มหาวิทยาลัยนวมินทราธิราช,1524019.216481442,662714.5133271241,university,,,
โรงพยาบาลการไฟฟ้านครหลวง,1524682.6983568107,663190.9276804114,hospital,,,
สถานีตำรวจนครบาลบางขุนเทียน,1513446.6055128742,656241.5381383497,police,,,
วิทยาลัยเทคโนโลยีปทีปพลีผล,1504770.201054604,655663.2373710095,college,,,
,1511145.48696208,656023.2939253708,,mall,,
โบ๊เบ๊สเตชั่น,1520726.2661639792,664105.725638032,,mall,,
ศูนย์บริการสาธารณสุข 4 ดินแดง,1522814.6472825028,668437.5435363938,hospital,,,
ศูนย์ปฏิบัติการตำรวจชุมชนเคหะดินแดง 2,1522358.7644586125,668094.9141610456,police,,,
สถานีตำรวจนครบาลดินแดง,1523010.5039765856,668321.3525835522,police,,,
กองบังคับการตำรวจนครบาล 9,1511647.0098586653,657732.2971582327,police,,,
สถานีตำรวจนครบาลบางมด,1512128.0035629414,657367.4211929934,police,,,
สถาบันราชานุกูล,1521951.82297381,668031.2923778401,hospital,,,
EM TOWER at EMSPHERE,1518552.8905455694,669397.8255588477,,mall,,
วิทยาลัยอาชีวศึกษาเทคนิควิทยา,1522210.5728749952,668472.2549711368,college,,,
วิทยาลัยอาชีวศึกษาพณิชยการจำนงค์,1522739.9260788192,668729.2551818936,college,,,
วิทยาลัยช่างศิลป,1518221.9781496585,693490.837007879,college,,,
North Park 21,1533866.6219736792,668341.5531202088,,mall,,
ศูนย์สืบนครบาล,1521789.4396199025,665021.0455379363,police,,,
มหาวิทยาลัยกรุงเทพธนบุรี,1522648.6358855714,646168.0111488779,university,,,
มหาวิทยาลัยธนบุรี,1516775.0203174292,645855.3132900319,university,,,
Korean Town,1519302.0003754897,668445.536837757,,mall,,
ศูนย์บริการสาธารณะสุข 3 บางซื่อ,1526398.1579245948,665805.8049183183,hospital,,,
มหาวิทยาลัยราชภัฏจันทรเกษม,1528400.3563346136,670507.4965303914,university,,,
วิทยาลัยเทคโนโลยีธุรกิจการอาหารไทยและนานาชาติ,1512382.989829963,667197.005705231,college,,,
The Storeys,1518086.0111466856,667167.3992592462,,mall,,
มหาวิทยาลัยเทคโนโลยีราชมงคลตะวันออก เขตพื้นที่จักรพงษภูวนารถ,1523723.8103195184,668303.7863467777,university,,,
วิทยาลัยป้องกันราชอาณาจักร,1523838.2484563882,668457.3250950458,college,,,
โรงพยาบาล​ทหารผ่านศึก​,1523101.3676507792,667728.5916837878,hospital,,,
ธนชาญวิศิษฐ์,1524052.7792545892,667496.7358368608,,mall,,
กองบัญชาการตำรวจตระเวนชายแดน,1524305.421994793,667045.0736339957,police,,,
โรงพยาบาลโรคปอดกรุงเทพ,1524474.3446166324,667126.0896238732,hospital,,,
ศูนย์สุขภาพช่องปากขั้นสูง,1524269.103590672,665831.4709910417,hospital,,,
บางกอกสแควร์,1512088.1797751954,665928.6974699423,,mall,,
โรงพยาบาลพญาไท พหลโยธิน,1525285.0620741707,667543.0957128847,hospital,,,
วิทยาลัยเทคโนโลยีทักษิณาบริหารธุรกิจ,1527570.7616107657,682718.180110969,college,,,
สถานีตำรวจนครบาลพระราชวัง,1519830.9072421344,661583.5217819569,police,,,
Superme,1524977.520531049,663823.9139461102,,mall,,
เอดิสัน,1524326.0503115808,663373.0311183095,,mall,,
วิทยาลัยการทัพบก,1524518.3774828052,665324.987094875,college,,,
โรงพิพม์ตำรวจ,1524178.0754969069,665350.8770778538,police,,,
แฟลตสถานีดับเพลิงดุสิต,1524131.7134265397,665433.0138927511,fire_station,,,
วิทยาลัยเทคโนโลยีวิมล ศรีย่าน,1524500.29596516,663341.0583618125,college,,,
มาร์เก็ตเพลส เทพรักษ์,1534689.555263536,677881.8107831926,,mall,,
โรงพยาบาลบางโพ,1526896.0034649647,664629.0376130549,hospital,,,
,1528234.613013782,666167.7072115638,college,,,
มหาวิทยาลัยเทคโนโลยีราชมงคลรัตนโกสินทร์ พื้นที่บพิตรพิมุข จักรวรรดิ,1519718.0361937012,662420.3125226038,university,,,
ศูนย์การค้าลาซาลสแควร์,1510608.2914797652,677202.994038479,marketplace,mall,,
กองตำรวจทางหลวง,1521966.31267554,664724.2058603995,police,,,
วิทยาลัยพณิชยการบางนา,1512496.1106257401,674792.9746347901,college,,,
สถานีดับเพลิงและกู้ภัยคลองเตย,1517793.3418215362,669167.7503122654,fire_station,,,
กองบังคับการอารักขาและควบคุมฝูงชน 1,1533534.595234599,670749.3804537354,police,,,
,1533761.7332650714,670478.1455406247,police,,,
วิทยาลัยศิลปหัตถกรรมกรุงเทพ,1525408.1102059716,675790.5202090217,college,,,
โรงพยาบาลวิมุต,1524906.881327824,667413.9259166874,hospital,,,
วิทยาลัยทันตแพทยศาสตร์นานาชาติ มหาวิทยาลัยวลัยลักษณ์,1524715.6292383769,665377.0839462364,college,,,
โรงเรียนวิศวกรรมรถไฟ,1528037.0908051964,667683.7524711397,college,,,
มหาวิทยาลัยเกริก,1534297.75296156,672857.9854822712,university,,,
โรงเรียนพลาธิการ,1511575.7442744276,671299.7625497652,college,,,
มหาวิทยาลัยเซนต์จอห์น,1527329.1087052666,668741.8504247438,university,,,
Central Park Bangkok,1518218.9359438827,666251.7463561497,,mall,,
ศูนย์ปฎิบัติการย่อยอาสาสมัครป้องกันภัยฝ่ายพลเรือนเขตสัมพันธวงศ์,1519125.1995771225,663772.6284201134,fire_station,,,
โรงพยาบาลพระจอมเกล้าเจ้าคุณทหาร,1518796.0652032339,693454.9272175448,hospital,,,
feast,1523655.17854371,666818.9764392958,,mall,,
ศูนย์มานุษยวิทยาสิรินธร,1524253.9777736422,657737.3805471855,college,,,
โรงพยาบาลเอส วาย เอช,1535276.9344874558,673715.2012722044,hospital,,,
ทัณฑสถานโรงพยาบาลราชทัณฑ์,1531650.1036606985,667890.2828639697,hospital,,,
โรงพยาบาลมงกุฎวัฒนะ,1536563.9935407282,668761.7997239103,hospital,,,
กองตำรวจสื่อสาร,1530376.7150474316,669852.4086437563,police,,,
สถานีดับเพลิงพหลโยธิน,1523983.1773569146,667152.2040353231,fire_station,,,
สถาบันเทคโนโลยีจิตรลดา,1522488.3029652478,663793.5024244663,university,,,
